date,quantitative_only,equal_weight,benchmark
2021-01-04,100000.0,100000.0,100000.0
2021-01-05,100853.40071147331,100778.56337437281,100708.25951575492
2021-01-06,98063.30448283335,98308.49663189628,101283.28784098972
2021-01-07,100317.55202467304,100680.13803152423,102787.08171376676
2021-01-08,101041.5395473222,101290.55567130956,103351.57425235827
2021-01-11,99047.15608903386,98909.31027389626,102674.1304281567
2021-01-12,98701.84171188468,98039.35300781087,102716.82114535678
2021-01-13,99943.46885464543,98927.62636875694,102950.56783074024
2021-01-14,98538.0839341287,97439.87524110748,102564.14789895831
2021-01-15,97799.65963256042,97377.13249093683,101826.70880629472
2021-01-19,98792.30457424026,99323.38724798434,102655.20955395953
2021-01-20,102636.97959726048,103176.29433947089,104085.77410191491
2021-01-21,104541.3136000382,104701.39041979738,104118.74049255758
2021-01-22,105112.60056722416,105256.69283629306,103805.27939890203
2021-01-25,106594.87975558634,106470.21471556155,104180.62257065013
2021-01-26,107383.54201299394,107426.02066395865,104025.51494399407
2021-01-27,105835.50966572725,104947.03838446215,101354.35986948556
2021-01-28,105241.53416781827,104633.11761255085,102343.64186717097
2021-01-29,102634.13642420898,102209.39979700827,100367.23516812596
2021-02-01,105748.84976431332,105117.36480619072,101978.30670314851
2021-02-02,106521.24095650684,106165.92688297621,103395.62400027127
2021-02-03,106331.19165348777,107410.00055584933,103499.92630886861
2021-02-04,107362.8500476883,107903.5450433945,104623.24435992358
2021-02-05,107647.15227712096,108510.3344253422,105031.0129489238
2021-02-08,107357.94540010874,108202.68419103185,105808.17400237579
2021-02-09,107022.53438503096,108188.22118964673,105690.35395625055
2021-02-10,106618.64610025383,108206.41973718439,105653.87123856913
2021-02-11,106428.01807432674,108065.67040519702,105829.5160623576
2021-02-12,106739.59625500767,108325.2368581899,106328.08241690022
2021-02-16,106012.22080272507,108267.36552713338,106267.5527722841
2021-02-17,105943.01598737252,108306.42760861524,106233.50443486028
2021-02-18,105734.26918234148,107745.74810815493,105764.39474115809
2021-02-19,104507.85288718052,106212.38123796874,105568.21272023719
2021-02-22,101928.24348934824,104116.70675858158,104751.87067938736
2021-02-23,101993.14297431201,104576.32070416774,104883.4723524993
2021-02-24,101660.10551490639,104529.65437013113,106074.06902107963
2021-02-25,98467.78655920681,101189.24521252485,103477.50230210565
2021-02-26,99307.96048174673,102057.11635895973,102985.96200440403
2021-03-01,102420.65543419645,104960.46255235096,105436.07667097115
2021-03-02,100938.27684212317,103380.32715056991,104584.06337252575
2021-03-03,98297.32471095602,100900.14205754454,103217.54479622522
2021-03-04,97733.88944745086,100725.38897687697,101832.65291635458
2021-03-05,99259.0754791377,102684.70794843709,103817.9790791076
2021-03-08,96016.54314612292,99528.33824009505,103261.5945441382
2021-03-09,99171.3609699983,102775.55631688949,104723.2254786328
2021-03-10,98723.56881472789,102326.2570908472,105354.73934252733
2021-03-11,100849.83625229367,104803.43876186849,106449.9531662183
2021-03-12,99613.7239285662,103422.33201979767,106558.04228854967
2021-03-15,100463.80231721433,104255.11711779807,107249.80871312854
2021-03-16,101473.9851808311,105578.35018688184,107081.46043287634
2021-03-17,101744.06672073646,106030.54182073985,107389.78887655793
2021-03-18,98449.795364464,103010.9343308239,105804.65767533706
2021-03-19,98979.72153685837,104164.52851301385,105740.88878761398
2021-03-22,100479.21296479438,105778.52490799033,106483.73101694685
2021-03-23,100661.74800787694,105827.69437126684,105671.16919259458
2021-03-24,99197.70383382641,104134.89042146748,105093.42940317046
2021-03-25,98828.84835889316,103405.62953608503,105644.14691201174
2021-03-26,99040.94843768896,104172.73317760299,107401.13612328704
2021-03-29,99676.96740690383,105081.06225892206,107307.91057472353
2021-03-30,98978.5745857377,104181.09407460748,106969.05012065684
2021-03-31,100347.40447743236,105839.43093098632,107356.54540198347
2021-04-01,102151.14970127118,108015.81387627848,108626.05821322295
2021-04-05,105446.50895548107,111223.11935398378,110194.42583657247
2021-04-06,105160.68634425619,110858.31589453714,110087.14817432697
2021-04-07,106786.65211779399,112510.81325976826,110249.5523445193
2021-04-08,107753.08237709118,113486.01046756243,110714.87522448746
2021-04-09,108992.22172182068,114843.07635939102,111569.58679264925
2021-04-12,107992.05881417189,114259.21761763302,111547.71035651334
2021-04-13,109011.30780604978,115157.35797828142,111915.20281686165
2021-04-14,107435.21346984665,113395.54999259149,111457.72405105681
2021-04-15,109378.35363246262,115293.99290490718,112694.25727718066
2021-04-16,109172.31033813453,115342.09786346601,113100.95051663618
2021-04-19,109124.06045969347,114881.5105400444,112500.77352597615
2021-04-20,108390.60129531642,114202.47903802915,111735.50728988033
2021-04-21,108483.1786483479,114573.72692093647,112775.32411892916
2021-04-22,107092.6385445419,113014.01938028994,111736.58923666147
2021-04-23,109020.9974875086,114819.41055863774,112957.72451286337
2021-04-26,109593.7346042658,115630.52197790597,113159.04578099471
2021-04-27,109236.70813242697,115512.3416721897,113134.72836736473
2021-04-28,110443.9029265571,115939.84245847406,113039.06843854363
2021-04-29,112633.92206601423,117782.66541807256,113803.52981179007
2021-04-30,111051.29335198707,116655.122882105,112984.74679344619
2021-05-03,110798.14187536344,115986.22084109276,113295.23913069007
2021-05-04,108253.55406542185,113613.06804485887,112538.61527437047
2021-05-05,108151.61239300913,113096.2400983063,112617.78211201554
2021-05-06,109439.66347288749,114512.64031601558,113537.3577091545
2021-05-07,109918.61217566936,114865.62335501857,114374.50743383201
2021-05-10,106915.83317365355,111562.0044323127,113180.93541160357
2021-05-11,106365.98085740904,111357.05933902427,112199.21384691325
2021-05-12,103608.18303819963,108668.06477611793,109792.60795486857
2021-05-13,105031.79902565423,109976.00879384797,111129.12889693811
2021-05-14,107374.79756405883,112559.47240823063,112786.94844959005
2021-05-17,107208.49565840322,112464.50008412421,112501.59158329849
2021-05-18,105944.36978152473,111104.43997913586,111543.38256938873
2021-05-19,106200.23737464157,111478.43886740383,111215.0644992018
2021-05-20,107933.51150106062,113074.29708261313,112388.91078438371
2021-05-21,106882.72792772307,112020.6317866945,112300.81128855771
2021-05-24,109153.11400832706,114385.8399304219,113413.85744242823
2021-05-25,109321.95066334997,114776.97840395343,113172.82081074496
2021-05-26,109600.13944084439,114951.42104322634,113385.2254361466
2021-05-27,108823.85789721765,114424.87574504822,113517.35488817618
2021-05-28,108378.01072025878,113946.41809939916,113604.63632667986
2021-06-01,108408.34576806171,113904.46865428155,113548.70495588363
2021-06-02,108476.3076963531,114045.43490456765,113713.00253294296
2021-06-03,107399.88395825328,112852.09847693006,113300.37178066405
2021-06-04,109440.52299417138,114624.79381521113,114301.27810901037
2021-06-07,109987.46393064229,115360.48786066369,114210.20985677268
2021-06-08,110051.09944989375,115629.93386680291,114230.19948327806
2021-06-09,110368.87150791114,115768.90162180859,114021.85875554218
2021-06-10,110936.96546143765,116815.92105629406,114552.3161511828
2021-06-11,111273.66920907187,116951.23159611766,114775.51385545006
2021-06-14,112848.64821397391,118530.91816396193,114983.85458318594
2021-06-15,112113.78451451148,118032.6359645375,114752.54227806006
2021-06-16,111881.56059905727,117745.38254600411,114134.01177553933
2021-06-17,113185.24738381672,119453.89948606736,114084.2818070253
2021-06-18,111983.39271126121,118269.4215972306,112586.9862121716
2021-06-21,113427.82293945333,119176.44097160503,114163.46183914327
2021-06-22,114545.22073289835,120677.91322054768,114748.49157486722
2021-06-23,114399.31850119068,120662.13559230717,114624.18644529155
2021-06-24,114580.23365254034,120603.33419001417,115290.29621723696
2021-06-25,114264.03932486054,119935.52814193036,115674.28176876131
2021-06-28,115434.52759725388,121873.17156449253,115942.0635970957
2021-06-29,116013.95624721395,122120.3708406035,115974.21852765251
2021-06-30,116014.92978650183,121808.37248020446,116128.2508047639
2021-07-01,116629.49012359571,122411.25115771862,116734.62919770612
2021-07-02,118651.48890254574,124569.19694566473,117610.14844969561
2021-07-06,119557.70487709732,126154.78607475759,117372.35765835579
2021-07-07,120353.27789812563,126856.27955486623,117766.6085098281
2021-07-08,119100.46872113785,126016.20774668948,116758.4056379455
2021-07-09,120135.11217105799,126739.00429900586,118075.2008429685
2021-07-12,120595.2998044407,127051.83785565667,118482.69894527341
2021-07-13,121088.15679643606,127290.12165546579,118066.01748980166
2021-07-14,122191.82253496039,127948.83915404147,118203.55667573698
2021-07-15,121289.11844498724,126871.16550299012,117817.94820404092
2021-07-16,120393.28542878822,125828.38914156353,116929.73586908233
2021-07-19,118004.69951835214,123848.78826390946,115074.11797257423
2021-07-20,120050.5262534064,125537.27685758889,116818.94187979809
2021-07-21,120655.35309432882,126263.42403351527,117781.74257029123
2021-07-22,121890.45212976313,127834.40520122282,118019.26947217227
2021-07-23,125295.61580748767,130816.37405240734,119216.62830813475
2021-07-26,125943.80459055827,131533.47275350534,119500.62614371342
2021-07-27,124132.33643121373,129641.11191590336,118937.48603859833
2021-07-28,125345.35337232884,130541.8556102937,118915.33251853066
2021-07-29,124445.99955032182,129357.88217055913,119415.50859877204
2021-07-30,123789.00506083343,126974.32832837479,118769.94262119551
2021-08-02,123484.65531022524,126644.11250894639,118551.07270405286
2021-08-03,124318.42897977625,127530.26823150237,119523.59772110342
2021-08-04,124337.4033519901,127768.8738117307,118969.9180530869
2021-08-05,125363.88166298733,128719.49199279351,119684.38556836049
2021-08-06,125098.89507442997,128296.94100747744,119884.88877916952
2021-08-09,125212.65813059961,128250.02979835393,119772.20798025474
2021-08-10,124790.60449227215,127780.26447421627,119891.10337592466
2021-08-11,124660.04560700723,127470.12770166299,120044.05370625488
2021-08-12,125911.06397933875,128704.43050206249,120541.80200347515
2021-08-13,126587.9576684664,129077.58659429403,120735.54964413846
2021-08-16,127456.64556231085,129974.65036416662,121051.97949420572
2021-08-17,126177.4144580033,128353.20912543629,120197.26792604393
2021-08-18,124852.84886871344,126772.3500529041,118905.33110804149
2021-08-19,125866.5922365035,127288.19955031914,119054.75851409651
2021-08-20,127974.0940323463,128951.53134614338,120024.05088527656
2021-08-23,129279.43163638379,130521.47077847389,121047.11073369054
2021-08-24,129474.76557017397,131012.94586465185,121228.16529138476
2021-08-25,129600.83389785737,131047.76415406636,121497.30615043204
2021-08-26,128681.00001136151,130366.25798554468,120789.59420530415
2021-08-27,130125.10373095018,131935.12962187047,121853.46455852415
2021-08-30,131898.60444873886,134300.62579323095,122378.23513632729
2021-08-31,131484.5499793071,134227.5693086592,122213.13269641854
2021-09-01,131846.97364738892,134689.68207492266,122251.22513979874
2021-09-02,130528.18581022038,133871.12301269962,122598.7411681146
2021-09-03,130781.33893124004,134253.93273354584,122557.66677384976
2021-09-07,131405.30820205668,135352.0221941743,122141.51309729564
2021-09-08,130792.1601069801,134765.14007550798,121980.46136057973
2021-09-09,130282.83736681685,134000.8911033781,121418.66709170461
2021-09-10,129163.43596505551,132400.52439626722,120481.00187216378
2021-09-13,129626.10866797742,132640.18525197444,120755.27538118503
2021-09-14,130091.803212807,132621.63287915022,120061.33846580738
2021-09-15,131257.73889554667,133594.3407461911,121078.73788532974
2021-09-16,130985.9653776644,133470.87205023153,120890.92775748982
2021-09-17,128459.43296478939,131202.02949749702,119789.50593428017
2021-09-20,126001.90594806506,128304.85001295344,117755.80223648956
2021-09-21,126337.40748400959,128526.46461793549,117660.14230766846
2021-09-22,126095.08141340189,128794.43676652353,118780.22111561644
2021-09-23,126832.77233707729,129700.5108618073,120221.58533967388
2021-09-24,127757.65219868998,130452.04118747049,120397.23016346237
2021-09-27,126619.00725892474,129396.62954456765,120062.9613859791
2021-09-28,122037.04429031003,125255.47155912423,117617.98596662248
2021-09-29,121551.8166298463,124998.5326353227,117802.55025411895
2021-09-30,120964.45404473967,124312.77147106967,116399.55555737347
2021-10-01,123228.12439621522,125930.22809805282,117737.15844622414
2021-10-04,120069.4390066901,122312.27368189614,116208.23569973126
2021-10-05,122265.28864176884,124325.5268984443,117431.27098003663
2021-10-06,123573.54685911388,125512.50925024525,117913.06715947144
2021-10-07,124305.33548343097,126183.47695001037,118891.54288381831
2021-10-08,124471.74272641519,126175.47913467673,118664.01739242645
2021-10-11,123820.49499642076,125285.64032097918,117849.29827174835
2021-10-12,122602.37212933869,124364.44430516723,117564.48237884736
2021-10-13,123475.32130784751,125108.28201881715,117919.82272961714
2021-10-14,126116.5331113363,127250.95770890918,119931.90068625774
2021-10-15,126410.17250482172,128159.80840995265,120826.61789637615
2021-10-18,128095.15279981356,130054.64010007714,121234.3798881399
2021-10-19,128874.43157261676,130932.2423537781,122130.70682395711
2021-10-20,128363.3313653012,130512.4558539704,122578.19737374572
2021-10-21,129000.6049568321,131099.8785967176,122945.4259446352
2021-10-22,126325.50035491872,127998.74045322905,122813.56038206443
2021-10-25,126329.81434772827,128060.89541961711,123396.70330815784
2021-10-26,126660.34647228534,128179.22604136309,123621.260043138
2021-10-27,130579.11968237437,130394.64697474972,122996.77883332096
2021-10-28,131348.47081690625,131837.38837563488,124205.74880547138
2021-10-29,133114.1344618311,132326.46444274057,124447.86738393581
2021-11-01,131129.74867544635,131271.85336541673,124671.8831455254
2021-11-02,132491.59817475226,131907.67048739133,125130.72094204313
2021-11-03,133405.2347940729,133293.71297739362,125939.22546596613
2021-11-04,134258.86860417452,134768.93136262544,126465.89604787271
2021-11-05,134590.80256602948,135699.9155314622,126937.96790075011
2021-11-08,134539.10610768557,135216.752197759,127050.66189413785
2021-11-09,134485.39491854107,135597.96767229217,126606.14010076092
2021-11-10,132004.23039234904,132763.78041400973,125564.70035154035
2021-11-11,132174.9146786364,132795.54787340423,125633.87897316918
2021-11-12,134333.2858343414,135521.974433183,126541.28926625667
2021-11-15,134244.2943464937,136138.08236101596,126539.93023554377
2021-11-16,134735.71062616786,136071.25535907186,127029.0361529878
2021-11-17,135386.299610733,136446.7432465722,126698.55418923857
2021-11-18,137364.31083230674,138697.58482112305,127127.40094876179
2021-11-19,137995.12538454944,139543.45214731994,126949.592231411
2021-11-22,136699.40065787584,137728.32221772918,126543.71704927781
2021-11-23,136298.4935020294,137283.58898341985,126753.41680772658
2021-11-24,136591.38930975966,137770.66307478092,127044.17021345095
2021-11-26,132883.36215600884,134256.85745125008,124157.11397821143
2021-11-29,135792.9056913146,136866.57202509564,125796.01265666622
2021-11-30,134815.9372332361,135092.0071830039,123410.75542183983
2021-12-01,134175.84715255277,133152.35921216063,121952.6342171475
2021-12-02,134507.44426004603,133237.10336302788,123683.68309462113
2021-12-03,132788.73272331312,131548.0451221647,122638.73361559829
2021-12-06,134484.5703949825,133804.25237594615,124077.39297270289
2021-12-07,138455.95860958332,137409.10977113972,126646.67352163517
2021-12-08,139659.22997563644,138869.50951377928,127037.41464330525
2021-12-09,139063.17515024618,138159.61199565255,126125.14878417549
2021-12-10,141537.31194972649,139491.75866728998,127329.52707974252
2021-12-13,139578.05640863747,138201.93499461084,126166.22317844033
2021-12-14,137048.7721912374,136566.36210101933,125223.67600391137
2021-12-15,139976.47480274277,139686.97819987847,127270.89084199342
2021-12-16,136304.05303725292,136111.9694989755,126158.10857758172
2021-12-17,135013.54366340942,135405.3533338421,124860.23424675592
2021-12-20,134009.9291463388,133690.63373983232,123438.31867581325
2021-12-21,136494.52161040824,136421.3458721116,125632.79702638803
2021-12-22,138856.6888430529,137680.96847739271,126911.76367748962
2021-12-23,139412.07445245623,138406.51120926716,127701.62441114716
2021-12-27,141776.91171978312,140586.49818603817,129468.87892237045
2021-12-28,140995.2079154108,140242.3581825702,129338.09530658083
2021-12-29,141053.87863736623,139810.1374897349,129519.41375373388
2021-12-30,140280.41877673092,139348.29821344922,129132.18236186607
2021-12-31,139174.09584421956,137779.47616328343,128793.05801834058
2022-01-03,139973.64400529145,139149.42971853988,129613.99173577382
2022-01-04,138407.75415954844,137566.98544941284,129532.3839206347
2022-01-05,133221.76684624844,132994.6362964971,127020.39377321154
2022-01-06,132305.6058159325,132828.30053440042,126897.97545326642
2022-01-07,132100.54042107044,132558.2459989207,126384.01114880187
2022-01-10,132645.00104532638,132413.27136905605,126201.88783879942
2022-01-11,133812.1957298507,134279.50453640104,127357.89519656533
2022-01-12,134938.44114102013,134824.68449097374,127716.7584716103
2022-01-13,131228.00232254228,131446.48484903912,125897.6100983107
2022-01-14,132550.15636957076,132792.17517429878,126000.84365459984
2022-01-18,129451.74750764699,129344.99511386517,123683.94698407994
2022-01-19,128494.5296201323,128364.22667094179,122485.50620133632
2022-01-20,127182.76486938338,126597.74711315126,121133.5873093448
2022-01-21,124692.65662773082,122664.72610933986,118842.3670831678
2022-01-24,124810.65380941816,123424.1050619697,119171.76710013588
2022-01-25,121846.48462540994,120302.38472239791,117721.21952291162
2022-01-26,123727.12603448807,120762.7734865113,117545.03372573254
2022-01-27,124020.86004972455,121030.16942660976,116912.16083112512
2022-01-28,129096.66256855914,125567.34164145817,119758.69683996332
2022-01-31,131242.95324085475,128723.17259885797,122020.45380806344
2022-02-01,131748.45823350816,129706.07398457437,122857.88061667272
2022-02-02,136221.85052898419,132475.46639356646,124015.51089461034
2022-02-03,131256.81437653612,121067.11297038851,120990.63838950374
2022-02-04,132285.9551129936,124630.86927024378,121614.57862593024
2022-02-07,129920.17841036069,122381.54517372623,121164.39640366168
2022-02-08,131161.68659344135,123395.48096484818,122182.32360210166
2022-02-09,133266.94454936206,125509.89466979561,123956.06979401184
2022-02-10,130069.28824205548,122900.72231966573,121710.51563868306
2022-02-11,126660.7710045882,119271.6328192092,119401.7335690218
2022-02-14,127141.32313833362,119710.75162654591,118943.15966196287
2022-02-15,129132.2999858099,121448.60925954604,120818.50329551753
2022-02-16,129407.55354193212,121506.22259280681,120924.96949767717
2022-02-17,125492.62769178984,117929.16129119342,118364.60841245289
2022-02-18,123995.24753085527,116577.08832069303,117516.38852497799
2022-02-22,123105.12887342066,115258.94303020374,116324.42622844831
2022-02-23,120291.47735853508,112368.04336055668,114182.64660279927
2022-02-24,124856.57808867647,116796.68036932136,115890.46001342405
2022-02-25,126338.79225603324,118324.99203369404,118483.23991866398
2022-02-28,126814.12368529142,118607.658694981,118193.83234917959
2022-03-01,125375.55611504169,116611.75156177794,116364.95964932258
2022-03-02,127101.52632999515,118259.75925459065,118534.315723418
2022-03-03,126186.00808484836,116536.13513254351,117911.45743377265
2022-03-04,123965.39559943406,114589.83133125644,116975.94291332117
2022-03-07,119616.99637676844,109514.3346365535,113523.02851154075
2022-03-08,119020.42919123262,109226.53188756673,112701.8309046487
2022-03-09,124121.79394843623,113558.12707546527,115598.07049305501
2022-03-10,122368.648673541,113311.42155368025,115101.94511600646
2022-03-11,119788.07979631351,110825.59143941972,113610.04606058558
2022-03-14,116931.54687489544,108581.57285942396,112766.94562861173
2022-03-15,120542.854724785,112102.48244983485,115181.12514812444
2022-03-16,124123.13990021631,116230.3743364285,117759.31196629182
2022-03-17,124793.15603081005,117654.09658955128,119213.38246779129
2022-03-18,127192.43344102729,120543.57538822103,120603.6840815677
2022-03-21,127362.52362309529,120114.91815851197,120551.26244057374
2022-03-22,130177.24727845678,122764.10776525049,121913.98760590379
2022-03-23,129458.87956280577,121734.07848593596,120417.77395783126
2022-03-24,132160.6373048276,123957.3780307475,122145.03602157085
2022-03-25,132366.66838434758,124461.61802395199,122763.84360802335
2022-03-28,133409.61166758146,125957.3144567578,123640.98578018456
2022-03-29,135261.758782295,127753.01078218273,125156.39738638602
2022-03-30,134510.29003369407,126668.05038515774,124368.70054629077
2022-03-31,131986.47784222753,124142.16990595637,122422.01439754499
2022-04-01,132373.89162625044,124743.6811600397,122839.50071586613
2022-04-04,135187.98197221768,128019.9645687345,123833.38758460792
2022-04-05,132984.1938117797,125902.41209978312,122279.0654777039
2022-04-06,129272.61232056604,122044.20664380208,121090.88999490824
2022-04-07,129407.65349547083,121934.07784338186,121605.93624615397
2022-04-08,127485.08579463956,120248.35354524328,121283.55568879041
2022-04-11,123381.96861431074,116727.33037041056,119236.61793464013
2022-04-12,123111.15481782428,116233.24079366786,118829.13302680814
2022-04-13,125283.91519630437,118278.66187212222,120156.99839462848
2022-04-14,121875.78747332202,115238.71906588417,118697.79524315501
2022-04-18,122197.7560297327,115662.13814684786,118673.47782952504
2022-04-19,124274.79788863365,118336.97766265419,120579.08958400598
2022-04-20,123563.2132988409,115533.5718483724,120504.51442294434
2022-04-21,121461.42924922478,112148.11641167404,118726.71752784132
2022-04-22,117769.5555884872,108975.94784330428,115433.23194260511
2022-04-25,119983.01382444816,110867.7383725631,116090.96322423307
2022-04-26,115539.59803286697,106675.4515367505,112823.43116727147
2022-04-27,115958.01246699973,106055.67122746569,113060.14001183015
2022-04-28,120340.57165859989,112748.117072765,115858.02799893547
2022-04-29,115492.84930680731,106451.59444388465,111654.17655867297
2022-05-02,117353.76498383691,108647.65517702952,112287.84112165686
2022-05-03,117555.06970441439,108840.00963079637,112830.99160026657
2022-05-04,121884.85268458669,112766.73279574653,116200.3981828044
2022-05-05,115808.02503828687,106237.42303675575,112057.88784724388
2022-05-06,115334.39171369335,105236.01985644652,111422.04619622478
2022-05-09,111466.11623378804,101320.14663714984,107852.4068895732
2022-05-10,113325.39003679379,102545.26217559939,108117.49704542766
2022-05-11,109589.2019620778,99084.17978564816,106337.53625676232
2022-05-12,107678.37239437982,98543.40267709561,106199.72658413173
2022-05-13,110729.59390219254,102032.29935083912,108734.68171170841
2022-05-16,109934.01120533275,101315.94014083772,108305.5710627264
2022-05-17,112306.94850897334,103657.47195524226,110490.05460004848
2022-05-18,106899.19808986664,98217.22911261882,106026.78003005966
2022-05-19,105465.11089224464,97327.4447365432,105408.24293030244
2022-05-20,105084.65494407222,97325.46631814878,105423.64747746087
2022-05-23,108392.26213690518,99455.14365214166,107379.78746606875
2022-05-24,105847.32407397064,95794.87682422821,106507.77794388153
2022-05-25,106347.45054520814,96737.71212871156,107514.3578955924
2022-05-26,108370.73323760991,99374.52667771725,109652.09341528508
2022-05-27,112253.24291727938,102644.00668830998,112365.1343441443
2022-05-31,112305.12329486145,103409.18219369091,111660.11407149637
2022-06-01,112349.86740886165,103173.9552925484,110824.58726699057
2022-06-02,114469.88582630047,106113.78074461353,112867.19723401626
2022-06-03,111327.35151084333,102989.81295057466,111022.12172138788
2022-06-06,112015.34133939768,104203.60151715804,111370.44261255313
2022-06-07,113303.42334712697,104747.34954378611,112431.06712542969
2022-06-08,112792.09344787942,104284.85106733274,111217.49228222291
2022-06-09,109728.7471090697,100473.97598306116,108570.66121858083
2022-06-10,105405.4916543699,96124.17340364162,105410.13633716945
2022-06-13,101000.83313596471,91474.6892181862,101323.55077516868
2022-06-14,101606.95530547798,91534.72878277814,100941.18814381605
2022-06-15,104311.01119801187,94535.45231082613,102414.17292227624
2022-06-16,100780.35936491833,90998.90586713141,99084.48830052682
2022-06-17,101929.9441996975,92359.9490638781,99302.55995205657
2022-06-21,105046.40733955006,93930.80264028124,101733.2127710359
2022-06-22,104797.51587414426,93720.15740658737,101600.7996378381
2022-06-23,106689.53995147749,95609.10755311928,102569.28054893231
2022-06-24,110541.71103806183,99705.09039053775,105704.13558323726
2022-06-27,109517.5177939204,98473.04366478955,105389.86962673231
2022-06-28,105994.3023246164,94609.13168793503,103266.99768080749
2022-06-29,107001.16748698735,95699.45307392548,103193.49786929053
2022-06-30,105057.72143902908,93838.37612039807,102289.5973060053
2022-07-01,106036.58727113894,94747.64179253629,103369.14269307902
2022-07-05,108530.743064391,97772.82923095363,103532.89269951131
2022-07-06,109742.67011909508,98761.00197813296,103902.83273459013
2022-07-07,112105.34533388239,100752.10994825335,105457.6958148847
2022-07-08,112295.2947097358,100598.96818513934,105370.13729244929
2022-07-11,110159.7698390153,97836.93807860363,104155.48709969784
2022-07-12,108414.0270217309,96493.90648674828,103192.68640920467
2022-07-13,107536.1800068357,96148.47432504158,102732.76666590579
2022-07-14,108218.81395855268,95894.59556271312,102424.70870891951
2022-07-15,109551.81945153905,97853.5547729012,104391.39108140714
2022-07-18,107712.90281771675,97105.92081331024,103518.30620967521
2022-07-19,110923.40123720668,100635.75515331395,106378.34016433188
2022-07-20,112072.31954445662,102787.9380594186,107005.52624110182
2022-07-21,113209.63660791866,103706.54245301269,108060.74761730908
2022-07-22,110390.21580647172,100088.90738896166,107052.27425873121
2022-07-25,109707.36805748151,99222.38018496324,107193.06588224646
2022-07-26,107505.03367725435,96110.53800628992,105955.71459880029
2022-07-27,113584.89285498933,101740.39818217565,108727.12127871331
2022-07-28,115034.82790689204,101777.82397800605,110046.34426675741
2022-07-29,117798.41894638167,105214.32633872512,111609.8563240647
2022-08-01,116771.03739936664,104782.32515626897,111294.77231023741
2022-08-02,115975.51572014693,104240.48852525128,110553.28251438099
2022-08-03,119649.23413207724,108114.14156711292,112282.1674982923
2022-08-04,119849.74202551178,108890.65338314914,112194.88605978865
2022-08-05,119410.95638126564,107941.59989007682,112012.48566585446
2022-08-08,118886.14011490338,107853.03658824119,111873.864533138
2022-08-09,118960.15302783143,107412.91615241015,111398.54683991712
2022-08-10,122103.37661428635,111097.52799283521,113770.29293445211
2022-08-11,121323.79423038235,110252.31758337916,113690.03095555297
2022-08-12,123802.05341476518,112452.31668017997,115659.41159775699
2022-08-15,124412.69972330042,112776.80768304368,116118.52647820649
2022-08-16,124167.28052254877,112692.02852969052,116336.32764304096
2022-08-17,123758.85716500146,111413.54979940315,115494.30915784824
2022-08-18,123651.90917760825,111393.51220168443,115756.430557291
2022-08-19,121442.61807424243,108694.57450298847,114263.1724711572
2022-08-22,118260.90100876277,105583.89395915171,111817.93316234177
2022-08-23,117859.94858754377,105178.48719218337,111567.69998301873
2022-08-24,117830.73010280119,105450.2151312303,111893.04929679398
2022-08-25,119837.95130462047,107812.16036858723,113469.80200769739
2022-08-26,114747.13120393749,103087.74209164995,109647.2246547699
2022-08-29,113459.58320812062,101921.27152176166,108916.2772427932
2022-08-30,112324.88696382352,100913.39213658663,107715.13159309671
2022-08-31,111536.4767321471,100908.86034267496,106873.11970514049
2022-09-01,111782.96870216986,101668.13974960058,107193.33636894175
2022-09-02,110423.2866828905,100031.13869583067,106042.45506391337
2022-09-06,109320.67177492408,99012.67086346091,105608.2051677209
2022-09-07,111247.58901169113,100827.7148369815,107545.16698990925
2022-09-08,111018.0891881712,100729.80291470248,108256.11817814411
2022-09-09,113558.68742989058,103412.48838832504,109909.34605421266
2022-09-12,116117.65003582489,104881.24611031509,111072.65655275132
2022-09-13,108998.47546170652,97805.44770672593,106270.25104200051
2022-09-14,109784.26650749547,98208.48316389733,106630.18966659019
2022-09-15,107446.12989766231,96314.2577423544,105423.37699076558
2022-09-16,106260.80933085839,95188.41850516586,104666.21216105543
2022-09-19,107453.39871101429,96101.1559386321,105383.918919436
2022-09-20,107114.24060220447,95259.8537980025,104196.02052057208
2022-09-21,104876.08313535275,93161.89064161842,102412.55000210452
2022-09-22,104681.91589641034,93244.05030323104,101549.4599436253
2022-09-23,102783.51693089622,91589.83392373503,99799.49678919098
2022-09-26,103043.92023106985,91208.60664389771,98767.517477069
2022-09-27,102924.47817505772,90768.65543243427,98558.09480255196
2022-09-28,104117.41669014483,92823.53688119352,100496.9434343709
2022-09-29,100899.56275868848,89957.72337813114,98373.80100175078
2022-09-30,98693.43883984293,88346.26800671236,96891.63287012377
2022-10-03,101675.68027630405,90866.00579079232,99399.56571711763
2022-10-04,105064.53962319571,93536.46999272997,102439.57228268737
2022-10-05,105131.95066608499,93369.12962520019,102232.8544751232
2022-10-06,104385.56686031276,92970.52178982,101185.4706158428
2022-10-07,99747.78801049564,89200.21082489444,98351.91137114192
2022-10-10,98876.091551098,88617.47596358445,97615.01325186889
2022-10-11,97524.71023792222,87104.48334911492,96978.64382193214
2022-10-12,97564.57133925158,87091.10639571601,96659.50910491202
2022-10-13,99973.52386223096,88912.24252061984,99169.33535877289
2022-10-14,96597.45528061324,86090.15058317097,96822.72473519022
2022-10-17,100675.96466849116,89941.13626861761,99386.59555021678
2022-10-18,101736.81623313687,90574.1917855858,100522.342794782
2022-10-19,101154.51148856326,90078.71275649896,99851.64794348965
2022-10-20,101011.24473510002,89863.15672917895,99057.73650663927
2022-10-21,103792.51513882754,91464.8486079781,101407.86345726067
2022-10-24,105236.244191728,92429.92163878323,102612.78932345472
2022-10-25,106795.23043167201,94556.5621260504,104281.95612283579
2022-10-26,101748.78507306133,89169.14334760925,103511.55063952951
2022-10-27,98346.75913179378,82853.70704272023,102881.93018250201
2022-10-28,100821.64676404608,84679.63759382718,105415.53947383873
2022-10-31,99322.2051211528,82822.03829922866,104629.729443374
2022-11-01,96277.71018007206,80975.31926211574,104200.61879439198
2022-11-02,92349.64444611322,77595.83553352542,101595.39650116883
2022-11-03,89239.6394093941,75148.22425027844,100519.90841452443
2022-11-04,90648.51190112418,76786.2318947088,101888.86137108254
2022-11-07,91505.57990643852,78623.11378269925,102868.41904221057
2022-11-08,91565.16014919763,78695.69109100793,103444.26542476768
2022-11-09,88800.07127827093,77874.92310452201,101294.91217165059
2022-11-10,97497.21711772005,85195.69176090612,106910.14339621247
2022-11-11,100086.476147519,87106.32395517481,107898.07296042147
2022-11-14,98376.27246385235,86273.08933518062,106933.91983645187
2022-11-15,99093.68861599787,87554.79098546815,107865.64754316934
2022-11-16,98168.1705169524,86544.21992691536,106975.53520410728
2022-11-17,97782.42611658313,85980.14073375704,106645.05324035804
2022-11-18,97612.91480161517,85837.80493433776,107152.53246137219
2022-11-21,96305.90023348639,84560.73638213088,106736.38538205455
2022-11-22,97445.98021643348,85663.31306905918,108185.86420697061
2022-11-23,98294.53631925108,86481.69100597313,108825.74996394609
2022-11-25,97329.65633745475,85715.84686587992,108794.9474668657
2022-11-28,95905.12740724308,84257.72045326681,107114.69731021432
2022-11-29,94530.72996656128,83548.2802028354,106944.18513639984
2022-11-30,99443.14624848406,88568.42786414134,110253.8801316439
2022-12-01,99371.69368174548,88719.35565710686,110158.2202028228
2022-12-02,99181.65114115218,88792.04248234358,110026.61852971085
2022-12-05,97919.97420431109,87416.5324179748,108057.77886089741
2022-12-06,95517.75595484348,84427.7583439332,106501.83383382169
2022-12-07,94432.12870545537,83792.25155846584,106303.4879193385
2022-12-08,94994.59501323006,84548.16551915774,107103.07957678993
2022-12-09,94368.2289118706,84052.08264668111,106315.91711284875
2022-12-12,96014.62467172738,84996.61082013763,107834.0335860031
2022-12-13,97570.70488719983,86998.62431863083,108620.10750592663
2022-12-14,96942.97770281574,86699.83749237773,107962.65990546688
2022-12-15,93015.11534996981,83198.67234319662,105272.04958060707
2022-12-16,91848.48508529218,82939.11748819514,104099.55572890161
2022-12-19,90158.6308542514,80787.82181737304,103161.87731488782
2022-12-20,90524.00568967748,81415.84116166567,103268.89108767449
2022-12-21,91843.05082995465,82763.79916405398,104804.29232038133
2022-12-22,89664.97986169838,80683.54454955838,103289.69217426573
2022-12-23,90073.18192356423,81340.39218135587,103895.80667774913
2022-12-27,88866.46046431342,80096.45823867468,103475.06792184808
2022-12-28,87201.2962600086,78797.31894325714,102231.23155495149
2022-12-29,89671.20217187343,81229.28693976178,104016.3249935908
2022-12-30,89525.57050657627,81125.36328685549,103752.04629782222
2023-01-03,88656.51491808247,81603.89847383207,103336.98116528572
2023-01-04,87348.68089861456,81088.00557898502,104116.03562560472
2023-01-05,85593.02318191284,79667.53446954195,102903.54932641557
2023-01-06,87454.26234237851,81615.71161869536,105253.94676373225
2023-01-09,88066.67448783082,82128.14904952681,105173.15040867901
2023-01-10,88643.963045157,83350.4940380902,105907.07317430388
2023-01-11,91141.18564978085,85727.98701144446,107267.91812723984
2023-01-12,91437.65129229594,86381.40223420878,107634.33523804347
2023-01-13,92183.1919399522,87367.5647335665,108064.53443104311
2023-01-17,92326.89547783273,86819.85560486767,107845.11034603692
2023-01-18,91465.47787370454,85960.89651660615,106166.76019348903
2023-01-19,91490.79861007148,86138.97992814427,105355.82128930847
2023-01-20,94635.96322693882,89061.93720063807,107348.98496898837
2023-01-23,96256.33219414302,90529.55891878752,108624.43529305121
2023-01-24,95949.34639925632,90036.72999925437,108547.14866780024
2023-01-25,94940.65002154063,89345.31415958598,108527.42293075369
2023-01-26,97149.07297592249,91706.31814104214,109722.0768997633
2023-01-27,98263.50246918201,93485.16781899908,109995.81603263046
2023-01-30,96098.20798667526,91346.45010945653,108569.30878510438
2023-01-31,97660.2367765688,92957.71057780918,110159.03166290866
2023-02-01,99118.68154825136,94647.74944737907,111310.44734409114
2023-02-02,104548.32282830284,103453.51767482229,112946.64115559305
2023-02-03,102128.07035819608,100906.48662726322,111777.12265753574
2023-02-06,100913.66696108111,99800.73704672974,111090.75936962613
2023-02-07,103241.21898503014,102559.07650460223,112520.77634695447
2023-02-08,101703.22185068723,99196.32632810867,111273.96462640971
2023-02-09,100422.44311364989,96993.85175401664,110291.43819886999
2023-02-10,100225.4106227072,96335.81470727964,110533.55677733442
2023-02-13,102576.43133277578,98333.22022245605,111799.0122881446
2023-02-14,102580.87309673724,98361.35222723405,111767.66222043715
2023-02-15,103159.43325499528,98871.7282767138,112077.61358429045
2023-02-16,100954.08909120118,96722.9505558908,110532.204343858
2023-02-17,99863.09320431887,95931.17045270355,110226.31687767048
2023-02-21,97447.85974472344,93947.06191386563,108017.24544002314
2023-02-22,97671.86190188043,93987.28352548303,107847.27423959924
2023-02-23,98242.88903670077,94272.94980960037,108422.03867537518
2023-02-24,96211.18122711417,92553.3472352057,107279.53586066425
2023-02-27,96695.36054523414,92860.14959984245,107609.20636432762
2023-02-28,96662.34018656916,93533.01058328665,107282.50461707593
2023-03-01,95439.2153126073,92510.73410557033,106775.56636945235
2023-03-02,96312.80578134216,93401.18349844893,107585.15943739295
2023-03-03,100070.77079282058,96403.01681109086,109322.41631438523
2023-03-06,100812.34993181871,96918.47003898752,109397.53904607391
2023-03-07,99920.5726582961,96086.37559988063,107720.81181369773
2023-03-08,100271.27921696736,96417.39914054969,107873.21457340091
2023-03-09,98900.28574255243,94941.58107545735,105881.94430058803
2023-03-10,97557.0454228523,93510.87054529105,104348.97085090233
2023-03-13,98858.94445026887,94746.29592198558,104191.42884398869
2023-03-14,102682.93252359153,98013.59923510348,105908.15512108503
2023-03-15,104036.3117326604,99518.34461708165,105168.8226215544
2023-03-16,107331.36495368833,103092.44835350144,107015.79813828625
2023-03-17,105666.52667889494,102283.95903926631,105836.5421191986
2023-03-20,105883.080177429,101954.5589216614,106780.43512996753
2023-03-21,107449.37187820613,104118.54093278894,108166.67944331464
2023-03-22,106440.50708989894,102870.50254068273,106385.90719456345
2023-03-23,108144.90903255092,104355.84595506555,106703.41899141185
2023-03-24,109059.42946609901,104778.1860059276,107305.20570777067
2023-03-27,107507.76228435322,103238.28185647642,107481.93247834028
2023-03-28,106783.16373259993,102385.35528592077,107312.77273800224
2023-03-29,109001.68225902953,104348.76021164909,108840.61353771397
2023-03-30,110228.81513354027,105325.74861213769,109462.6669645099
2023-03-31,112118.48382711325,107251.03261478139,111042.92940521559
2023-04-03,112511.12745332967,107394.09449340063,111453.66015339101
2023-04-04,112724.26970552665,107881.35603577376,110807.56639689686
2023-04-05,111324.98751860192,106455.38601741323,110531.39288377213
2023-04-06,113234.7936580499,108596.29498743967,110927.00276595737
2023-04-10,112095.15749459015,107566.57287655653,111037.51967130984
2023-04-11,110900.15032355062,106134.80224602236,111032.92799472644
2023-04-12,110767.36736816782,105527.21161510544,110573.81971151341
2023-04-13,114043.871096265,108878.44424268873,112040.32600375963
2023-04-14,113831.05537195585,108993.61521987172,111808.47272524316
2023-04-17,113560.13103018647,108376.04272439219,112178.12907915376
2023-04-18,113590.8026857516,108011.83598064426,112274.06609190663
2023-04-19,113505.96931378476,108296.1959526417,112264.60565480805
2023-04-20,112562.5973587254,107856.22927872285,111596.34518377329
2023-04-21,112176.97597106935,108278.89445377166,111697.13776256835
2023-04-24,111824.63308673158,107972.29564332227,111792.25671799888
2023-04-25,109716.37050549084,105572.36618148482,110024.72512284384
2023-04-26,112122.91089337727,107714.0788250249,109602.09955731223
2023-04-27,119773.68438404491,113781.2599898563,111746.59064715062
2023-04-28,120547.17283101952,113346.1906441108,112668.85791676953
2023-05-01,120684.29012341393,112712.54670188093,112625.35573948358
2023-05-02,119772.16823213319,112132.19061301237,111320.4487545803
2023-05-03,119046.81946167612,111726.90060662638,110541.39429426129
2023-05-04,118254.72091511442,111171.76489708232,109743.42555698157
2023-05-05,120338.54170723392,113070.58464703614,111770.90806078061
2023-05-08,120190.34696355977,113461.04141063667,111821.44289214401
2023-05-09,119670.54609260907,113198.75246786427,111309.36539731
2023-05-10,120859.53696573226,115498.90392163866,111808.47272524316
2023-05-11,121221.97315223256,117063.27390639155,111618.77578777271
2023-05-12,120521.35621408677,116452.42892535686,111442.0490172031
2023-05-15,121381.563181418,116888.92957570971,111771.71292363
2023-05-16,121805.17195986016,118159.82604704758,111058.86832852811
2023-05-17,123046.29867885527,119538.6063069392,112379.45034728512
2023-05-18,124975.04180357557,121589.68034441111,113440.87972301106
2023-05-19,124713.24446535343,121053.73601886164,113276.85922988348
2023-05-22,125419.89928435747,121605.12543289275,113294.42107336773
2023-05-23,123783.57779827192,120135.07213545454,112023.02804973419
2023-05-24,124077.85012837926,120329.04386167396,111203.1762790821
2023-05-25,126579.78129460016,121872.21168803127,112177.04713237262
2023-05-26,129773.12364643467,124933.01291583832,113640.85515490246
2023-05-30,129986.34705547712,125238.92044794689,113642.741964533
2023-05-31,129932.62048404626,124830.14272079576,112948.54115969653
2023-06-01,132470.75787516174,126913.0522774959,114061.58731356704
2023-06-02,133077.16136883857,127748.00514713867,115719.406866219
2023-06-05,132732.23004203665,127970.70103206993,115487.55358770252
2023-06-06,132358.08256842135,128256.6673021309,115759.3993137027
2023-06-07,129157.35015426316,124477.50812602947,115318.1233606692
2023-06-08,130167.62211741961,125652.2913950789,116031.78601309341
2023-06-09,130501.62527386432,125706.94481574767,116164.99741190413
2023-06-12,132887.0547879016,128002.06472248961,117247.7886393213
2023-06-13,133185.8044588017,128202.65443244907,118060.60775589591
2023-06-14,134070.31357022058,128633.90794480674,118157.34963149816
2023-06-15,137454.59703976443,130973.14531337238,119596.2860725345
2023-06-16,136237.3365880373,129650.32573723399,119157.17401306331
2023-06-20,136230.97937714407,129624.33355899244,118592.95196116708
2023-06-21,134872.62451477756,128166.640541285,117970.89853437115
2023-06-22,137029.8581729075,130997.61432432804,118408.66475760237
2023-06-23,136945.9690799356,130624.72731727501,117501.79543790541
2023-06-26,133898.02134534466,127743.69797850469,116974.58388260825
2023-06-27,136770.0270825625,129780.63735877544,118314.62774895299
2023-06-28,136907.83944337527,130226.46739570607,118272.73529736581
2023-06-29,136168.5461363798,129403.49068531251,118801.83366229353
2023-06-30,138765.49942775202,131582.95514550235,120259.4138935953
2023-07-03,137921.1196674237,131101.45929326265,120400.19891987406
2023-07-05,139114.25362293227,132165.18950034215,120163.21299138361
2023-07-06,139081.16863203415,131484.85057059693,119211.218574229
2023-07-07,138137.94352232848,131032.86860990642,118869.6664476824
2023-07-10,137526.26394613268,129461.82562402493,119155.5510928916
2023-07-11,138221.41720240316,130308.35404245787,119958.92296684056
2023-07-12,141099.54511266068,132717.670230215,120847.96655359442
2023-07-13,142763.7658259236,135557.10465486057,121871.567375399
2023-07-14,142334.92334182622,135630.68005454994,121746.72127243275
2023-07-17,143467.31036751487,135881.35400041824,122216.10145283022
2023-07-18,145065.44621958194,136697.47963115104,123085.94708145515
2023-07-19,145625.06285730712,137036.0813091294,123376.17270826189
2023-07-20,141799.3572048115,133185.18204500555,122542.53271338662
2023-07-21,139795.42087482903,132215.10723429636,122582.24807693856
2023-07-24,139701.19979312038,132275.26884819937,123076.76372828834
2023-07-25,141047.42355562534,133325.26994538633,123423.18461535011
2023-07-26,140705.00205944217,134154.07243213692,123403.99985169413
2023-07-27,141866.2222795598,134689.29458546182,122611.17036162487
2023-07-28,145817.65984067446,138395.688827043,123822.3042273376
2023-07-31,144583.82537118378,137987.11800992014,124004.1636478812
2023-08-01,144988.2288947994,137595.95797179197,123673.68168413198
2023-08-02,141740.14832400344,134339.0813824018,121962.0946542461
2023-08-03,141121.7500672145,134134.05313578827,121651.33842754341
2023-08-04,138715.01343088344,134853.31589449284,121006.57731281628
2023-08-07,139224.71661687316,136366.7476317694,122098.55189340026
2023-08-08,138340.380561382,135329.4510647097,121583.50564215455
2023-08-09,136235.04623683338,133352.70548369174,120727.7121272116
2023-08-10,136356.88618634146,133577.9995383262,120757.98024813789
2023-08-11,135500.26970812463,133015.59910453972,120628.80635804706
2023-08-14,137077.98667334986,134707.4313942682,121322.4793839659
2023-08-15,135545.723178536,132957.4470095413,119921.09441291918
2023-08-16,133934.94518710297,131344.7144543523,119015.04315054459
2023-08-17,131419.19622511658,129925.23785668821,118097.09047357735
2023-08-18,131138.46880562045,129133.48736119876,118079.52863009307
2023-08-21,133199.7601261379,130834.50077276892,118891.81996775007
2023-08-22,133264.19399268721,130937.41836391279,118561.60189345964
2023-08-23,135930.34601678798,133379.6921508498,119871.10055494634
2023-08-24,132593.86614314734,130187.29973319542,118257.87832083442
2023-08-25,133340.92998895896,130954.41781029466,119052.3307310754
2023-08-28,134607.20896406058,131858.40220479862,119798.14831405642
2023-08-29,137492.54066566634,134574.06171719191,121536.21665113457
2023-08-30,138018.63132355676,135156.97087163918,122002.08710172978
2023-08-31,138155.24261702356,135838.73703687466,121807.25751428532
2023-09-01,138485.96513783457,136100.74226991757,122026.40451535975
2023-09-05,139849.6305360454,136741.51245163084,121514.60410445747
2023-09-06,138471.5332394028,134976.8497001168,120667.45296929078
2023-09-07,137310.51855949961,134560.90225876673,120279.95768796418
2023-09-08,138019.99728474123,135238.5617558777,120451.5518085598
2023-09-11,140453.38556515335,137667.56095389588,121261.40216872274
2023-09-12,137968.54179997373,135488.68228506096,120570.71109368853
2023-09-13,139051.5633544102,136840.0841852822,120720.41558367532
2023-09-14,140865.64214984354,138143.33978922534,121738.07889265649
2023-09-15,137499.56988688116,135295.34611184176,120257.79097342354
2023-09-18,138178.3806965247,135913.7717367441,120344.53143853665
2023-09-19,138624.16312459623,135773.7260402391,120085.66907391029
2023-09-20,135647.10436118307,132788.6565304518,118957.48885957664
2023-09-21,134190.2837851031,130267.01557525937,117006.47492370626
2023-09-22,134467.4221158785,130410.83782484375,116737.87503804955
2023-09-25,135133.36487005444,131396.75677555235,117207.51910790586
2023-09-26,133116.94767894625,128633.70518726784,115480.52093362507
2023-09-27,132968.39748970937,128747.34456809152,115507.00224081734
2023-09-28,134301.80853307413,129779.58319052806,116187.70509983531
2023-09-29,133970.1799033293,129620.48847986905,115872.88497546686
2023-10-02,136772.50171246397,132199.21542009202,115882.08152310662
2023-10-03,134041.02368603786,129485.33168266018,114289.38988889066
2023-10-04,136358.6315732553,131555.65334502875,115216.24883509296
2023-10-05,136276.90966153398,131463.79576349753,115066.00337171562
2023-10-06,139846.68383051327,134326.83815778533,116425.49589117515
2023-10-09,140945.49189930098,135244.7032200184,117159.42525403648
2023-10-10,141194.44860889055,135514.42685113486,117769.59046071273
2023-10-11,143422.87724740847,137547.6290205144,118275.17627485986
2023-10-12,142329.1177257087,137054.9021579592,117536.37815148337
2023-10-13,139835.5673096951,134837.04064680188,116946.47965524426
2023-10-16,142043.25246375767,136685.80109415142,118185.45385886215
2023-10-17,142471.5520748772,136549.15179893622,118173.84272267422
2023-10-18,140545.5644400421,134553.91979592445,116590.33444162508
2023-10-19,140017.4568153517,134249.96944194197,115601.31633339847
2023-10-20,138002.06420424485,132033.7742067563,114146.4409690496
2023-10-23,139481.42285317671,133194.07957877804,113954.03916462626
2023-10-24,140044.42935714024,134099.41337086074,114782.00553613696
2023-10-25,136119.48692339836,129376.3385432706,113136.0742036047
2023-10-26,131489.8939691645,125693.491000514,111797.38936797288
2023-10-27,133276.66013590214,128420.37310576772,111260.73057005006
2023-10-30,136043.3180633317,131328.73339931987,112596.97442818784
2023-10-31,135879.24308087028,131349.27258965018,113326.035030534
2023-11-01,139449.66259582818,134648.8255916112,114516.63829635076
2023-11-02,140111.2923067458,135723.3118963439,116676.25684941583
2023-11-03,141604.2880758355,136700.53036384378,117772.28213319267
2023-11-06,142767.31369539205,137960.29460783914,117978.73605129801
2023-11-07,144205.257953313,139671.40786744782,118313.80969163065
2023-11-08,144976.78796156828,140186.98029842478,118432.70508730056
2023-11-09,144351.00397544206,139354.44771829783,117475.31413071314
2023-11-10,147765.68891807646,142502.09911522755,119309.86045393473
2023-11-13,147171.29923784232,141762.67508289436,119210.13662744786
2023-11-14,149374.01882791944,144026.4996109356,121484.07209407237
2023-11-15,149021.32878215605,143510.614886909,121678.08362419449
2023-11-16,150763.14054813932,144823.5444013765,121822.93254813906
2023-11-17,149720.1755106606,144523.41906204872,121979.11552433978
2023-11-20,151909.86578374,146201.75394239556,122880.57511013097
2023-11-21,150865.07429022825,145188.38134963726,122632.2419349114
2023-11-22,152669.54528124127,146933.34250191567,123130.26731606344
2023-11-24,151627.9447179398,146034.8550143183,123203.76053034392
2023-11-27,151186.51006998232,145927.32474095243,122963.0009825924
2023-11-28,152632.91807749338,146742.82747840934,123083.51929843404
2023-11-29,150474.20257990874,145084.41772043295,122967.05168578523
2023-11-30,149217.8506980069,144171.89484036312,123432.36796851693
2023-12-01,148428.84805160112,143864.05350113916,124157.37786767025
2023-12-04,146415.85720945103,141761.87357122445,123485.87155629206
2023-12-05,147455.47750191815,143249.12004352704,123415.62418235501
2023-12-06,146448.3444861884,142048.19861066394,122933.5377245155
2023-12-07,148842.21193420468,145282.52686186577,123913.09539564353
2023-12-08,150513.51924693031,145978.13470095381,124420.58121389414
2023-12-11,148350.14302652303,144040.9196448779,124908.86907401583
2023-12-12,150546.39521182992,145441.76849925928,125483.36962033299
2023-12-13,151270.6450734982,146259.49100297017,127196.30248645884
2023-12-14,149777.89344123015,145084.3021769228,127532.99904696322
2023-12-15,150804.42935136645,146168.71775788174,127523.27472040581
2023-12-18,152664.64379980543,148420.14423041203,128100.74402313467
2023-12-19,153844.85969001747,149261.51024537667,128852.23522948025
2023-12-20,152879.992417133,148683.21807054797,126960.13461529072
2023-12-21,154181.10741344193,150098.5872082189,128268.01035660571
2023-12-22,154025.62541845327,150101.99160541585,128480.94276092498
2023-12-26,154172.64051515385,150156.06734037233,129024.63421292527
2023-12-27,154556.7190310454,150126.7357055658,129209.19850042176
2023-12-28,154874.36477257143,150304.71139529892,129257.02846483231
2023-12-29,153999.885787949,149417.18981283146,128891.68670357336
2024-01-02,150197.08069383955,146563.19881021618,128162.08512783662
2024-01-03,149345.41491635737,146045.64623912954,127134.69749229806
2024-01-04,148375.06161914126,144386.5700269605,126698.83127317032
2024-01-05,148964.27384970695,144656.5122998329,126930.14357829619
2024-01-08,152208.7167393845,147878.74009519108,128721.71550314946
2024-01-09,152308.131362341,148694.93585795836,128531.4775922884
2024-01-10,155357.24153467664,151262.10458219575,129259.73333178517
2024-01-11,155364.96939514237,151491.63119457735,129172.9928666721
2024-01-12,156375.621533989,152266.7137692926,129269.99863173316
2024-01-16,154590.35353628275,151139.47929547515,128787.64828443484
2024-01-17,154205.95573705653,150501.90712080937,128064.26130545323
2024-01-18,157601.7411999947,153212.18159017095,129191.90054639631
2024-01-19,160136.89354088024,155648.59346710035,130782.70537098173
2024-01-22,160318.19449318346,155504.03476189074,131069.68515744504
2024-01-23,161531.43724873933,156651.39432244436,131452.58876218824
2024-01-24,162554.4459380171,157823.284751155,131559.3188538067
2024-01-25,163167.34243888498,159016.19153321275,132251.3689595538
2024-01-26,162945.09405437825,159088.8255362265,132165.1694678313
2024-01-29,164466.4069682105,160725.91719575223,133163.9119026153
2024-01-30,162884.46361078217,159099.3459251273,133083.9270076479
2024-01-31,158926.54701401223,153644.530848764,130940.5112673542
2024-02-01,161101.83783680297,155930.08739398097,132576.4411893973
2024-02-02,174164.32802424612,165402.36913917182,133992.9470264342
2024-02-05,171452.5287412553,164037.90122914765,133566.0002710145
2024-02-06,171009.5749262156,163788.56600856723,133874.59260415487
2024-02-07,174462.36116272316,166228.64293282636,134977.91443146797
2024-02-08,174288.4059712593,166028.47026866325,135054.93057002366
2024-02-09,175415.01928544,168096.22435206763,135830.46210606745
2024-02-12,174303.10567041862,166725.82455124267,135701.5652999084
2024-02-13,171122.06181245923,163734.61647731738,133845.9474034003
2024-02-14,173536.38773873675,165564.84364296665,135128.15989484533
2024-02-15,174459.28779392585,165207.38837187487,135914.77478815944
2024-02-16,172219.07783927664,163360.81328790734,135261.91226704663
2024-02-20,171541.27880067247,162664.19245262642,134449.62092938967
2024-02-21,171265.01129912309,163102.4660730419,134619.59212981357
2024-02-22,175961.09441473606,167128.48058572022,137463.14618776712
2024-02-23,175147.32685637925,166605.47435880662,137510.97615217767
2024-02-26,174008.6808168805,164528.26851614763,136990.2562775674
2024-02-27,174995.60344469678,165239.25626725398,137224.00956018732
2024-02-28,174286.79253016663,164193.5261201643,136996.47087432252
2024-02-29,176124.73100280936,166190.7603295607,137712.83839369958
2024-03-01,178086.78518232235,166901.1869695458,138815.61924762215
2024-03-04,177065.9827500127,164707.44686423618,138649.9758343228
2024-03-05,173268.2315864568,161451.77555096024,137236.7026431564
2024-03-06,173696.77325577667,161201.41153207148,137942.250694722
2024-03-07,177708.53408230943,164175.09267214665,139363.62529227405
2024-03-08,176213.12093873476,163806.29446867498,138453.78721616542
2024-03-11,172468.89746897353,162430.05863336578,138298.4091028141
2024-03-12,176983.06386243075,165322.6842915352,139847.5985597441
2024-03-13,176733.30716837704,165168.2877345386,139578.45770069683
2024-03-14,178490.41037392968,167277.85099263513,139177.71516853763
2024-03-15,175061.0594043502,164701.8365073575,138275.43752542412
2024-03-18,177147.59707251776,167421.19729934097,139149.06996778306
2024-03-19,178024.87155477822,168244.5176725999,139935.1438877066
2024-03-20,180435.5047532671,170490.37091258663,141181.15074540197
2024-03-21,181139.21612065533,169359.03210105156,141638.08853781622
2024-03-22,181611.9399200072,170495.38779946827,141439.48533111069
2024-03-25,180055.91436932978,169305.14535320416,141007.39273124404
2024-03-26,178642.29878333845,168393.7754086714,140612.60090638112
2024-03-27,178805.35779594866,169236.0416368949,141826.1757495879
2024-03-28,177759.65750366866,168398.8864241957,141984.52261935093
2024-04-01,179523.12273630747,169941.44725358585,141698.62477966878
2024-04-02,179708.51906730764,169614.90430432663,140672.86006430196
2024-04-03,181242.9827669088,170746.07637481674,140826.35136802276
2024-04-04,180427.2526060227,169237.72025625463,139089.35178325282
2024-04-05,184932.25439169235,172523.55515499308,140633.13150627707
2024-04-08,184010.33021169988,172212.87763903377,140580.4459758243
2024-04-09,184237.63411196522,172904.87035700947,140783.6540535862
2024-04-10,184206.152724614,172444.7852893344,139452.26576149062
2024-04-11,186443.28011647853,175783.84880391837,140490.45967036774
2024-04-12,183394.64904389845,173896.72025743866,138446.22678317034
2024-04-15,179876.1674067401,170559.0011459125,136781.9155498315
2024-04-16,179752.22894221073,169792.92968283492,136500.6225812057
2024-04-17,178272.33591877195,168772.73405896037,135711.56671039754
2024-04-18,177815.3093783488,168243.2918854347,135411.89384096517
2024-04-19,173172.03039543855,164707.22801234433,134225.8822517318
2024-04-22,174344.52794638937,166039.3772214315,135397.84172728317
2024-04-23,177803.56654410038,168646.42764705126,137017.8195315408
2024-04-24,177088.4948595097,168645.08787029205,137047.00570568594
2024-04-25,168136.06433459118,163155.41581374087,136419.819628916
2024-04-26,172281.25848141883,168424.69817467564,137812.54902571352
2024-04-29,170230.02267733173,167139.719360029,138250.57913840355
2024-04-30,166435.04768058247,163448.25878361947,136075.82652487533
2024-05-01,169081.9054530141,165357.8117797652,135608.34634858134
2024-05-02,172207.61340094337,168128.91158371308,136846.2386054181
2024-05-03,174435.71232876033,172039.57623016794,138564.58120544968
2024-05-06,177241.65645091096,173977.02630739816,139995.41624010034
2024-05-07,178489.1920737974,174595.07486028937,140183.4902573991
2024-05-08,178238.46132863848,174574.91812857552,140182.67220007678
2024-05-09,179308.8966481835,175686.4765062326,140896.33485250096
2024-05-10,178341.2344790732,175064.51903392063,141128.729104408
2024-05-13,177225.29402132655,174905.65007307794,141094.67416974768
2024-05-14,178268.8302512184,175991.23225973945,141777.2638383962
2024-05-15,179858.0660671476,178013.09003297053,143438.31603691867
2024-05-16,178524.73152287092,177123.45167639194,143139.72511426744
2024-05-17,179268.31537577888,177540.6818406249,143306.4504743479
2024-05-20,178824.43190044194,177919.7296406923,143437.7750635281
2024-05-21,178506.90597132462,178276.6777607216,143796.63833857307
2024-05-22,178438.580000786,178062.95561250066,143407.50694260182
2024-05-23,176552.17806743365,175885.64062495934,142349.04632328756
2024-05-24,178505.27957489731,177925.51133986787,143345.6380589822
2024-05-28,179600.50172497268,178614.70206261237,143381.3027193413
2024-05-29,178717.4900380471,178028.45860177715,142325.00599358932
2024-05-30,175687.91117859096,175180.22979728592,141474.6090180792
2024-05-31,174841.13870419998,174927.06068856874,142610.34966540796
2024-06-03,176835.23071682503,176419.4052126604,142769.51459249333
2024-06-04,177288.39683514528,176979.0735436752,142984.06991698433
2024-06-05,180904.03089751978,179992.15284413405,144678.09510338597
2024-06-06,182028.14138788547,180690.0681838607,144649.18601317256
2024-06-07,181040.20635199515,180413.04795287913,144487.87038699785
2024-06-10,183246.95811200782,181487.72115494745,144860.7725812519
2024-06-11,184849.83829152808,185171.67181499695,145253.4005125525
2024-06-12,185688.34907358204,187227.9639904755,146488.58790243638
2024-06-13,183524.28482824675,185988.75790790972,146832.0532275594
2024-06-14,184089.37880300652,186092.9987126685,146774.22185265968
2024-06-17,184902.12024316896,187698.37043750513,147899.1562266499
2024-06-18,182864.55864720716,185874.22557131868,148272.05842090395
2024-06-20,184219.96620136884,186045.19342499942,147897.5333064782
2024-06-21,185183.14745788655,186738.39774453078,147666.49808528408
2024-06-24,184716.61437072034,186209.47329488152,147213.87488552145
2024-06-25,188120.5371647141,188661.3201969362,147792.95391394908
2024-06-26,190219.18442868785,191123.9768151572,148025.34816585612
2024-06-27,192595.75531488447,192971.23391826128,148159.65470592093
2024-06-28,188198.59286468857,189116.07078255585,147554.62214921866
2024-07-01,189715.52840869178,192023.5292712265,147949.41397408157
2024-07-02,191680.35919909642,194248.20637010082,148866.0076203359
2024-07-03,191862.88329026365,194287.4174369777,149622.90856058724
2024-07-05,198338.0801488391,199433.0158849466,150438.16865465592
2024-07-08,196245.6077096,198327.74758367447,150591.11898498613
2024-07-09,195817.7231323972,197965.61506330178,150702.71783711977
2024-07-10,197863.68801294488,200202.3359325586,152241.1010207112
2024-07-11,191530.39786070317,194511.29864452087,150907.00786166283
2024-07-12,189455.41396781855,193696.47959146145,151739.56590975693
2024-07-15,189564.42594009388,194177.8074289322,152168.41266928014
2024-07-16,187481.0983948467,192916.44259122334,153140.67379687188
2024-07-17,181756.1243163613,187658.27890659857,151007.80044045788
2024-07-18,181643.5354291705,186077.8030681236,149827.4624745891
2024-07-19,181447.423834198,185768.2226890648,148757.6546085457
2024-07-22,184673.12720974066,187713.74243044137,150363.0525202037
2024-07-23,185412.57064492477,188941.08543083706,150128.77145866613
2024-07-24,176648.9459666743,181378.49154013902,146653.4264528863
2024-07-25,172765.56681681288,178409.09306006035,145899.24357406076
2024-07-26,175057.22098944985,180457.27107481923,147517.33456868786
2024-07-29,176156.51231332254,181294.19579657106,147637.3119111389
2024-07-30,175677.88003590723,180749.50355325142,146905.00546844932
2024-07-31,177847.36963799805,183115.92586862313,149225.13478483973
2024-08-01,178485.03543715092,183414.63405658843,147181.71995496462
2024-08-02,170734.49282107645,178124.73424910085,144476.24605633697
2024-08-05,164590.2206534151,171324.14979734775,140146.4665663271
2024-08-06,166732.56492568422,172767.4541387329,141597.55511694198
2024-08-07,166603.98176890315,172995.81718381215,140502.34789048746
2024-08-08,170492.63693745912,176794.60316015518,143739.88891045452
2024-08-09,172254.97229579024,178770.44410394502,144411.39522183273
2024-08-12,171880.2232173646,178631.45013537945,144417.60981858787
2024-08-13,175204.1483580506,181921.17594574034,146850.6970178248
2024-08-14,174549.7620245838,181273.0900896366,147412.21420276817
2024-08-15,178653.267136753,184680.54068990433,149790.45197799004
2024-08-16,177687.51268629023,184161.87961787812,150088.5019272507
2024-08-19,179204.06642729926,185566.49418260992,151547.70507872416
2024-08-20,179588.15107434025,185997.07085275132,151246.95026251063
2024-08-21,180449.40712172136,186528.18013764033,151888.18845296258
2024-08-22,177659.8459539721,183999.88047915878,150531.40080045591
2024-08-23,178095.0984812558,184753.66783968091,152260.00870043546
2024-08-26,176776.005704687,183803.4445342289,151779.82224669945
2024-08-27,175569.4909198332,183036.56089888196,152021.94082516388
2024-08-28,173934.3155483788,181474.22195997942,151113.46177976814
2024-08-29,174579.05507581832,182381.17014616443,151107.51107247183
2024-08-30,177622.91387018134,184432.7357388404,152632.64700523068
2024-09-03,173629.12414729377,180236.07877389982,149404.30253290338
2024-09-04,173175.11736577883,179139.60946454015,149164.8756269189
2024-09-05,174034.62398081832,180753.0526509608,148714.69340465034
2024-09-06,170516.4541952521,175966.56782456316,146147.84063873914
2024-09-09,171673.36562521322,177030.54970796828,147840.24290496905
2024-09-10,172768.6787566015,178497.72552277995,148501.4839163993
2024-09-11,175552.6133648929,181780.3014864441,150085.25608690723
2024-09-12,177897.0435085075,184432.84563500373,151210.19046089746
2024-09-13,178274.60082352845,185158.23772428074,152027.8915324602
2024-09-16,178109.66894541998,184682.90911263335,152218.93430617062
2024-09-17,179174.79080271616,186006.8173328104,152259.20383758607
2024-09-18,179610.4897999111,186384.44106372414,151818.1917740114
2024-09-19,185132.13425447408,191134.08017131107,154395.5869238023
2024-09-20,184841.59491788052,191568.3732387644,154095.900859897
2024-09-23,184591.31910997134,191428.60585639256,154528.79832261303
2024-09-24,184061.436798531,191229.32583949805,154916.84777180318
2024-09-25,184803.69807497217,191204.5626974384,154628.50895462697
2024-09-26,184885.29527042498,191282.99284103335,155253.003358917
2024-09-27,184389.05515174146,190618.20744166858,155058.43766093135
2024-09-30,186454.97363467806,192109.35285783518,155715.35088523699
2024-10-01,183914.54700685304,190412.20257433908,154263.4442772998
2024-10-02,183236.21134063983,189604.61127403998,154284.79293451807
2024-10-03,183909.92178095636,189460.04244906508,154025.3764020282
2024-10-04,185843.93396400454,191703.61875544259,155407.02244155543
2024-10-07,182168.92682547992,187407.29163305613,153917.28727969681
2024-10-08,184884.30881480125,189806.2127853382,155408.64536172713
2024-10-09,185984.73164681208,190435.06786907278,156514.13108260254
2024-10-10,184959.63961564595,190115.76278939124,156190.12760506725
2024-10-11,185385.21876584747,191039.85885584535,157135.36645207615
2024-10-14,186791.78353235417,192076.06420112573,158346.51351226182
2024-10-15,187005.5928320436,192329.06379431766,157141.58104883129
2024-10-16,185031.3949417341,190883.06601779413,157876.86944240553
2024-10-17,185185.42431181067,190622.41998786246,157849.8471618227
2024-10-18,186142.6845067946,191604.6295337116,158476.75615466086
2024-10-21,186491.7465926603,191983.18397654107,158187.88955856705
2024-10-22,188083.91209514582,193497.96684826646,158112.77342411483
2024-10-23,184045.98333808722,189591.9507420201,156659.50778546472
2024-10-24,184523.49107080136,190177.18177019368,156995.66337257854
2024-10-25,185853.2957531611,191877.8980850985,156948.65146549031
2024-10-28,186851.8851666124,192847.67306113354,157364.7919475715
2024-10-29,189371.11267904154,195574.4203334289,157618.79874615563
2024-10-30,188431.85357079585,196437.29445486877,157098.61984493592
2024-10-31,181403.04448077758,189701.98391156562,154174.27602916557
2024-11-01,181003.02292441874,191925.03903598513,154805.2357251966
2024-11-04,179404.58691893195,190270.29853489684,154369.91047945945
2024-11-05,181444.49685993142,192445.644922409,156263.35692988892
2024-11-06,183292.99965099836,196157.68604632284,160216.1835224519
2024-11-07,188054.3078479842,200303.2896245195,161406.78678826868
2024-11-08,187011.2998726335,198917.57497531731,162013.1651812109
2024-11-11,185944.0696711088,197793.94065898008,162170.16621473397
2024-11-12,186581.7960255456,199075.82748889414,161701.06311826827
2024-11-13,185878.03574641966,199554.70862157666,161738.6145882579
2024-11-14,185513.44587548863,198778.89735071707,160760.13886391104
2024-11-15,180750.7181686553,193094.1983748427,158637.54400191794
2024-11-18,182292.1973394084,194132.10251826388,159259.05645532333
2024-11-19,183960.283780511,196030.07492707027,159890.29323528608
2024-11-20,184030.41509017843,195405.88944048455,159893.80296508834
2024-11-21,181343.54130026497,192228.01671769237,160747.70967040074
2024-11-22,180553.4708930651,191684.51604901397,161305.17615215128
2024-11-25,182992.2882326292,194277.4858920755,161792.39525996477
2024-11-26,185291.18867651522,197700.43082827586,162718.17225938593
2024-11-27,184653.77661427466,196513.61368419728,162099.64175686517
2024-11-29,185935.65297862657,197678.8342346104,163008.66177565148
2024-12-02,189327.34294488636,201152.48018598912,163407.78138763897
2024-12-03,193108.48522986865,203599.96495707618,163481.5516858512
2024-12-04,194469.8451929771,205856.18175223505,164470.84687800956
2024-12-05,194441.22376209678,206062.46757246024,164163.3232971774
2024-12-06,197631.10982079172,208856.03036510866,164572.98529304462
2024-12-09,197356.95725062108,209056.66152659417,163561.81366475034
2024-12-10,198434.68015006804,211467.36047620306,163077.0355344309
2024-12-11,201275.1092195552,216091.41222390495,164408.68771598526
2024-12-12,201016.94774857615,215208.20720235162,163518.5753769232
2024-12-13,199426.8456479197,213515.61066772536,163514.24758979862
2024-12-16,202261.76611061272,217348.675347716,164135.49615374516
2024-12-17,201933.57450197524,217063.39618870264,163501.27742289778
2024-12-18,195120.34678804944,209366.39696890532,158679.15936957335
2024-12-19,196025.64746285832,210063.54551462497,158541.88407309685
2024-12-20,196589.2005196364,211084.69963036952,160265.0954336436
2024-12-23,198607.47053763375,212875.3875035983,161432.9910115292
2024-12-24,201280.1723122984,215394.07173591552,163215.65666714738
2024-12-26,200513.77419200988,214613.84015511622,163149.44680193023
2024-12-27,198270.2235252151,211798.0768239303,161345.70957302555
2024-12-30,195732.21043026148,209288.8391130901,159618.9884826765
2024-12-31,194067.48182528454,207469.00848739126,158935.05297778803
2025-01-02,193912.83190594942,207241.52170550477,158581.59943664877
2025-01-03,195300.68786785076,209279.9387027177,160579.09750068974
2025-01-06,199855.14693771073,213566.9269621644,161468.39178242948
2025-01-07,196687.97810000076,210350.2044013871,159675.46082686333
2025-01-08,195822.1508031838,209805.11136070793,159924.6120594052
2025-01-10,194084.3473868519,207625.88111716777,157459.91090300202
2025-01-13,192339.18004431156,206196.55682192088,157707.98018876277
2025-01-14,190132.23183148497,204435.28856318843,157888.75766252523
2025-01-15,195639.8326272271,210212.06415521188,160780.14168488936
2025-01-16,191634.68802448062,206949.66059220184,160440.46317350035
2025-01-17,193444.99241121588,209452.73498794975,162043.4333021372
2025-01-21,192803.23073202456,209797.34322250506,163464.2669262987
2025-01-22,194739.70966509017,213119.1336056947,164467.60103766614
2025-01-23,196193.94419320533,214050.9122301701,165341.4973694839
2025-01-24,197406.26103134375,214807.58055006128,164869.4255166065
2025-01-27,199664.67507307837,214190.1342707127,162465.51129704175
2025-01-28,204548.64565788736,219131.4417914976,163963.09717030014
2025-01-29,204913.60111559273,218807.2331745532,163195.93093010082
2025-01-30,205750.91560667192,217304.62244280134,164056.85709501777
2025-01-31,206399.73569285322,218467.93036666745,163228.89072350707
2025-02-03,204856.76754016758,216410.37457361506,161986.94776347745
2025-02-04,208461.73408601526,219832.10353396158,163157.2843188571
2025-02-05,203874.3517795059,215605.46716237764,163795.01277950677
2025-02-06,205253.54079003257,217008.7431078084,164391.9307353504
2025-02-07,201292.13117479626,212375.50007456646,162835.9989027476
2025-02-10,202577.91638370758,213843.50764515076,163929.04223563982
2025-02-11,203421.48930210577,214518.50593484752,163984.70971697723
2025-02-12,203734.99488784178,214337.0676097286,163538.03722451095
2025-02-13,205806.91908365974,216366.64365184016,165243.13257370994
2025-02-14,206692.0657899972,216722.09616274544,165231.24435359024
2025-02-18,203960.6851420606,214852.6955677486,165635.23272609292
2025-02-19,203184.95006899137,214985.5960633352,166028.94260417463
2025-02-20,201714.89978649686,213987.05566030412,165309.34243892707
2025-02-21,198241.52351126765,210176.79369886543,162488.48287443176
2025-02-24,196223.04917470625,208243.3409634747,161681.06029728995
2025-02-25,194171.44432783467,206111.35918252304,160924.43644097037
2025-02-26,194135.58006635684,205802.22960249922,160946.3260715792
2025-02-27,189993.5386946962,201558.66449667342,158392.98444595948
2025-02-28,192910.66575709527,204533.71618073893,160904.16973053323
2025-03-03,189148.4527980622,200005.22091155843,158072.78097663113
2025-03-04,187930.12667378696,199445.28510843337,156138.78791085444
2025-03-05,190439.75288313348,203083.06187451896,157881.18403505717
2025-03-06,186794.52122534576,199204.2592397704,155067.89809802992
2025-03-07,187860.01350892772,199412.32006239047,155923.9686969046
2025-03-10,179519.93276364132,191622.49167972105,151718.21725253866
2025-03-11,178119.51143829664,190956.81970360663,150570.03421722667
2025-03-12,179354.49791408912,192623.78475089354,151305.85038971854
2025-03-13,172996.0571588143,187145.6407327339,149204.0632115532
2025-03-14,176826.7546381244,191308.81844747797,152377.01728647485
2025-03-17,176275.2574356578,190529.6653311791,153354.68814797234
2025-03-18,172523.85708624346,186960.21437532228,151720.92211949153
2025-03-19,174396.1989701398,189237.17052013957,153359.27982455574
2025-03-20,173963.23569898342,188686.43025168526,153024.2061842231
2025-03-21,176571.0055798548,191004.07431733844,153150.39812342927
2025-03-24,180873.20079112542,195238.1332510782,155852.89007117233
2025-03-25,183338.481928073,197584.95315990446,156098.25448998017
2025-03-26,179504.8740631132,193530.3362969161,154356.6764230998
2025-03-27,178631.00771640058,192837.06968316302,153846.22184843745
2025-03-28,171803.7396101492,185466.79747525064,150809.72501266998
2025-03-31,172846.24922219175,185408.16210053,151644.98792771698
2025-04-01,174661.5273517824,187825.33939529603,152218.39333278005
2025-04-02,175408.6658982715,188545.2617312441,153242.5483224481
2025-04-03,160240.5280188788,175886.90241575334,145826.27813869793
2025-04-04,151439.98794812334,167702.04236604265,137113.2155709031
2025-04-07,151681.42830623387,168198.4350281405,136793.53988049238
2025-04-08,147520.63237991242,164602.20597586723,134645.80954754702
2025-04-09,167977.20168879427,184752.01728170857,147457.8802736164
2025-04-10,159081.9355350324,176564.11964006769,142354.7199466521
2025-04-11,161980.8462864617,180128.0594442736,144930.21509233955
2025-04-14,161464.06883966527,179943.33622835643,146081.64396799495
2025-04-15,159608.2571997423,177878.7909693135,145829.24689510962
2025-04-16,154066.48842076972,172194.714777471,142561.4509486892
2025-04-17,154195.04159761168,171359.83255472715,142750.60691276912
2025-04-21,150017.92518606596,166916.7844003652,139386.33298020528
2025-04-22,154946.691630344,171833.95792194796,142887.32804138208
2025-04-23,160184.95996191507,177055.52725281054,145267.99359962504
2025-04-24,164133.82367796783,181888.7329056972,148210.99440013376
2025-04-25,166571.77993493172,184518.611081915,149303.77384356712
2025-04-28,166711.33728822492,184177.7907545399,149399.43377238823
2025-04-29,167430.66190093898,184774.94751480833,150266.31064460144
2025-04-30,166534.82642835708,183855.87920061438,150488.70348601934
2025-05-01,170865.3802758001,190076.53405691712,151436.64719998112
2025-05-02,171402.12880687747,191866.45128651877,153666.79021091497
2025-05-05,169028.39422952317,190300.1018528494,152686.1505930058
2025-05-06,167295.3266006054,188673.20070808617,151511.4994449745
2025-05-07,168304.40467308147,186916.0451724923,152170.0223949789
2025-05-08,169664.42728842373,189002.7261029583,153052.57430104588
2025-05-09,169566.36024196044,188706.19688351752,152943.68031586512
2025-05-12,181853.45692314667,199427.11116045836,157923.34037610318
2025-05-13,184865.65157594465,201690.55523618337,159068.00048713994
2025-05-14,184945.9402938438,203292.02469576214,159230.95222795932
2025-05-15,181847.47581501305,200858.55172900992,159888.9473990461
2025-05-16,181574.49354910397,201294.85617802746,161009.01301252114
2025-05-19,181082.96788120188,201494.5842994905,161150.0751227317
2025-05-20,179651.98034549228,199864.2322206383,160524.7758555923
2025-05-21,177528.45923172825,198881.04345106942,157934.68762283228
2025-05-22,177974.1637026291,199969.27327863654,157864.42705442233
2025-05-23,174707.0394958107,196864.66113146688,156805.4254617175
2025-05-27,179046.02144789768,201750.67594125244,160013.5164180806
2025-05-28,178892.83406990516,201176.88573759818,159122.04504830562
2025-05-29,179150.51063173034,201396.53359950197,159760.31448234586
2025-05-30,179506.37877966274,201707.0996467889,159747.34431544502
2025-06-02,182233.71723388834,203145.10231939793,160402.63461957892
2025-06-03,181633.1021483705,202441.3799568662,161333.01649005644
2025-06-04,184258.7016340131,204482.66168340945,161344.90471017614
2025-06-05,184460.24565260016,204340.59259486906,160493.42578788486
2025-06-06,187927.25694913763,208451.8562691214,162143.40782360994
2025-06-09,188837.2935781871,209223.1280648533,162292.57134020617
2025-06-10,189745.39470320294,210541.59213947257,163182.4197898094
2025-06-11,187630.16602211446,208233.04459400117,162734.665350562
2025-06-12,188152.5040042952,208436.29656018387,163356.70558288498
2025-06-13,186310.66715997393,206421.3652904829,161511.3661807978
2025-06-16,189957.61569118273,209697.05384598297,163028.38751269804
2025-06-17,188892.81392267684,208292.78826338143,161666.74429414913
2025-06-18,188231.41963155608,207512.294536518,161616.75043617628
2025-06-20,185764.47436987163,205186.73085384603,161264.642731277
2025-06-23,187781.68039877218,206468.44994565763,162813.83218820702
2025-06-24,190825.94691738108,208657.4785663666,164624.60207118918
2025-06-25,190571.46273362252,209646.3286595105,164624.0610977986
2025-06-26,194380.78335893326,212755.13660189338,165944.36603262386
2025-06-27,196963.79765687272,215498.43073353948,166810.42484751478
2025-06-30,196403.5883717389,215416.50053782732,167671.90518029523
2025-07-01,194135.6307222924,214511.51283738096,167484.3589419141
2025-07-02,193502.1307983178,215647.13273407836,168279.08843608684
2025-07-03,195932.47356985763,217771.86279246034,169682.3602167641
2025-07-07,195600.30151844493,216222.3812189378,168348.26705771565
2025-07-08,194654.99129838936,214874.00289311513,168227.74874187403
2025-07-09,197546.31116161906,217591.80809981987,169247.56274994454
2025-07-10,196731.49137665064,217548.7775781509,169712.35125375862
2025-07-11,196755.34306251493,218047.98622661034,169152.7208784458
2025-07-14,197169.19218134537,218154.1651686855,169390.78875371738
2025-07-15,196748.39695438865,218122.11330254882,168720.62827857913
2025-07-16,195330.75143129844,217505.2727657111,169259.46416453717
2025-07-17,196202.55047421475,218199.5359086034,170169.02515671405
2025-07-18,196820.52242348148,219271.3440377645,170153.6272067921
2025-07-21,198505.78506576907,221906.97396036127,170391.6950820637
2025-07-22,196722.84458195177,221362.7435173931,170500.32517778562
2025-07-23,197783.55165860112,221763.78284475073,171832.25444327176
2025-07-24,199541.8509822263,223434.96984392637,171952.2317857228
2025-07-25,199576.41943099673,223673.29882983776,172635.62631722074
2025-07-28,200174.1360512487,224011.54812228467,172666.15832760584
2025-07-29,198145.6164107742,222830.2437335948,172155.16277955295
2025-07-30,197576.3006806662,222172.18874699544,171940.06648167135
2025-07-31,208439.54906013588,227820.2430604313,171304.77899851574
2025-08-01,200296.13723238575,220066.10644741298,168565.2501652278
2025-08-04,203789.3840480844,223616.45242101164,171049.41316921872
2025-08-05,201962.23365270338,222408.57859168987,170218.47804129633
2025-08-06,204602.37926747688,226941.66430749357,171457.9932183048
2025-08-07,203418.7555563972,227742.93221262746,171321.25889521887
2025-08-08,204479.187628524,231409.00747890054,172657.51594782958
2025-08-11,203749.45425982398,230393.9218723541,172225.15945850412
2025-08-12,207186.76624810332,233584.81531126506,174179.12895631322
2025-08-13,205826.20951806687,233343.27137428868,174741.7412825107
2025-08-14,207775.74284491918,234987.57203383197,174794.70389689523
2025-08-15,207760.76692473912,234949.06210005132,174288.30002542573
2025-08-18,205740.0958990282,233475.48715424506,174270.7381819415
2025-08-19,202384.8504903692,230705.38790138744,173249.8422270898
2025-08-20,200363.7802191307,227786.50741862116,172828.5559005617
2025-08-21,199018.14988575617,226719.28133306332,172136.51898928755
2025-08-22,202697.78229365105,231374.07218827785,174750.6607462187
2025-08-25,201982.17912860628,231295.05100690326,174005.10705269646
2025-08-26,201945.71401974026,231454.06834465536,174724.44332848524
2025-08-27,202081.64731482862,231880.09247666702,175142.20673073814
2025-08-28,203536.75516834628,234273.14987623857,175695.08153590525
2025-08-29,201379.43659917012,232992.96559047585,174570.95202476444
2025-09-02,199728.40024993327,231025.2442357872,173362.52302600458
2025-09-03,206546.34774232554,237283.0834988499,174246.68465777033
2025-09-04,209593.6309418779,240849.09815075403,175701.03224320157
2025-09-05,209725.77199695798,239787.3004400774,175144.911597691
2025-09-08,210050.89147493074,240258.69416694538,175513.76308875222
2025-09-09,213434.78768479027,242127.42892304403,175985.5710521708
2025-09-10,210939.40201260187,238214.71492740768,176510.6187139057
2025-09-11,211275.59668376023,239041.2898353535,178008.4684766229
2025-09-12,212181.06379480864,240693.43146994853,177922.5328743592
2025-09-15,217383.89215625112,245333.1614521538,178759.94648849554
2025-09-16,218619.22722459628,246379.51491093167,178529.7161301508
2025-09-17,217523.9938159094,245579.8943890502,178356.51228385637
2025-09-18,218630.32701630561,245966.71262217395,179210.68287862762
2025-09-19,220013.7489094839,248890.0129019356,180086.2021306171
2025-09-22,217583.89970880153,248629.24742300168,180880.39065139924
2025-09-23,215174.1659149409,245603.48823663962,179885.15794641752
2025-09-24,214128.39835046124,244502.78500240974,179373.09364605643
2025-09-25,212210.0166418019,243674.6513365842,178474.6028166769
2025-09-26,212386.66541772586,243969.2519208828,179527.93078601718
2025-09-29,211984.17612666514,243970.06150012693,180001.08458567574
2025-09-30,210660.3575235814,243011.84268598107,180737.44173155818
2025-10-01,210082.10603552038,242778.8537705166,181351.93472535902
2025-10-02,210542.40941542108,243921.46361783316,181464.07455088323
2025-10-03,209398.43518716044,242441.30385045218,181475.96277100293
2025-10-06,212919.09332463445,244900.90399691815,182137.7315613508
2025-10-07,210671.76446806322,243520.61735093317,181443.53075651434
2025-10-08,210896.8735969178,244752.2858956738,182500.92262352037
2025-10-09,210761.5682269061,244732.18003816032,181998.0284818532
2025-10-10,205165.13070177092,236610.03617725385,177063.75740853162
2025-10-13,208787.79931098767,240378.59141486968,179825.71684581903
2025-10-14,208519.34787632604,239333.399241846,179544.41068272028
2025-10-15,210864.28533266814,241142.865991067,180267.25668831132
2025-10-16,210274.91392530812,240091.23067469566,179132.58479329076
2025-10-17,211526.95748038174,241572.09999955396,180076.74169351853
2025-10-20,214335.8081554935,246192.59475327472,181998.56945524376
2025-10-21,212810.88462335238,246459.11049269297,182004.52016254008
2025-10-22,213454.16020211912,245256.94667199595,181033.06389779772
2025-10-23,214001.17440758,246486.3884958778,182088.01478730972
2025-10-24,216946.62994398386,249737.4349435392,183526.95122834606
2025-10-27,221986.49065922044,254927.42279993594,185782.50679416396
2025-10-28,223034.82394851834,256139.39745285123,186207.56673995315
2025-10-29,225161.69697451277,257891.19843710779,186199.45213909456
2025-10-30,218545.0310866399,250830.6034864252,184355.18148931558
2025-10-31,216368.1886209577,253358.677376327,184837.80892054568
2025-11-03,218280.93851470423,254658.79074452177,185155.86169078463
2025-11-04,215424.1218250843,251683.74894549142,182982.7188029552
2025-11-05,216412.950523731,253077.73449228713,183651.25635792172
2025-11-06,213699.79858131573,249288.6647408195,181598.3678964751
2025-11-07,212227.38306062308,248451.6513717896,181827.51630803867
2025-11-10,217435.12398335195,253222.52377623902,184627.84527263805
2025-11-11,218646.88565630995,254573.97901998527,185011.01276684005
2025-11-12,216687.31276115353,251223.28765098331,185127.48037948887
2025-11-13,212189.128709558,247586.36210620706,182062.35153743977
2025-11-14,212080.871924737,247136.86133632797,181971.00620127033
2025-11-17,213299.0163664139,246536.76338816623,180303.73940599273
2025-11-18,209306.02292938816,242580.62022005112,178815.07299644238
2025-11-19,210679.73735608955,243128.1362335763,179486.31541836177
2025-11-20,207520.05352831923,240083.92949831815,176692.20105051756
2025-11-21,210349.53790106665,243422.95209579507,178427.85479904752
2025-11-24,217105.20976995325,250476.12954169285,181187.6371482997
2025-11-25,219657.35048857064,254355.80699728738,182829.50458316616
2025-11-26,219900.1462693894,254360.24087540683,184092.25522702344
2025-11-28,221794.5627825809,257246.58646862942,185078.0274949066
2025-12-01,220392.52519002176,256191.8307710962,184092.796200414
2025-12-02,221821.01946881882,257864.34230568426,184545.1555107178
2025-12-03,220300.14241419145,255773.34025336432,185095.06155947325
2025-12-04,219678.35459778,256158.93514489572,185295.02379689168
2025-12-05,220621.10602140575,257670.42478118648,185653.87387746372
2025-12-08,219801.37448176843,256039.99101329973,185008.3078998872
2025-12-09,220579.25714436785,255999.72937113832,184846.17421639015
2025-12-10,219573.0871587492,255699.9502636608,186093.80399425724
2025-12-11,218295.06055167926,254698.07157423737,186480.75830219328
2025-12-12,216670.66645324285,252147.3361228601,184492.19289633326
2025-12-15,214921.03554295242,250315.258066239,184197.63948240192
2025-12-16,214938.2655794726,251076.8029686104,183758.52742293075
2025-12-17,211857.98348901118,248061.40018420987,181628.3721279426
2025-12-18,214768.20848669135,252269.66764337817,183069.45926806828
2025-12-19,216491.92085714187,253180.0474720882,184683.77664343428
2025-12-22,216450.69202033168,253453.7720634949,185872.4930996205
2025-12-23,218244.43648391525,255738.49066118652,186718.2852040743
2025-12-24,218688.0038197141,256346.87098840773,187319.79483650133
2025-12-26,218387.25209458784,255837.94536545547,187262.78151892396
2025-12-29,218337.54517926706,255383.83980724603,186608.85024550295
2025-12-30,218385.68838893296,256023.09660116886,186352.13857996595
2025-12-31,217246.14843796912,254414.89995016728,184981.02172984555
