date,strategy,turnover,AAPL,MSFT,GOOGL,AMZN,META
2021-01-04,quantitative_only,0.6785119999999999,0.35,0.239256,0.040744,0.35,0.02
2021-02-01,quantitative_only,0.07136378839944038,0.35000000000000003,0.21295700000000004,0.06704300000000002,0.35000000000000003,0.020000000000000004
2021-03-01,quantitative_only,0.4031664486786868,0.35,0.02,0.26,0.35,0.02
2021-04-01,quantitative_only,0.5614243895791098,0.35,0.02,0.35,0.065651,0.214349
2021-05-03,quantitative_only,0.23793809631998591,0.35,0.095434,0.35,0.099357,0.105209
2021-06-01,quantitative_only,0.2718914182735686,0.35,0.223355,0.35,0.02,0.056645
2021-07-01,quantitative_only,0.3035733920036668,0.35,0.083725,0.35,0.02,0.196275
2021-08-02,quantitative_only,0.5387803638308227,0.154016,0.35,0.35,0.02,0.125984
2021-09-01,quantitative_only,0.26931375335176255,0.02,0.35,0.35,0.02,0.26
2021-10-01,quantitative_only,0.22558578244238658,0.133045,0.35,0.35,0.02,0.146955
2021-11-01,quantitative_only,0.26679643182310053,0.26,0.35,0.35,0.02,0.02
2021-12-01,quantitative_only,0.04821703500267699,0.26,0.35,0.35,0.02,0.02
2022-01-03,quantitative_only,0.02123212179780704,0.26,0.35,0.35,0.02,0.02
2022-02-01,quantitative_only,0.022742816543660983,0.26,0.35,0.35,0.02,0.02
2022-03-01,quantitative_only,0.20306676776803212,0.35,0.263957,0.346043,0.02,0.02
2022-04-01,quantitative_only,0.11435050305734296,0.35,0.318789,0.291211,0.02,0.02
2022-05-02,quantitative_only,0.04939922979989854,0.35,0.35,0.26,0.02,0.02
2022-06-01,quantitative_only,0.01989577519675667,0.35,0.35,0.26,0.02,0.02
2022-07-01,quantitative_only,0.019279479012010846,0.35,0.35,0.26,0.02,0.02
2022-08-01,quantitative_only,0.047356672672137154,0.35,0.35,0.26,0.02,0.02
2022-09-01,quantitative_only,0.49035093984045,0.35,0.35,0.02,0.26,0.02
2022-10-03,quantitative_only,0.007581928543940866,0.35,0.35,0.02,0.26,0.02
2022-11-01,quantitative_only,0.24502120633663094,0.35,0.26,0.02,0.35,0.02
2022-12-01,quantitative_only,0.6292674243888011,0.35,0.35,0.26,0.02,0.02
2023-01-03,quantitative_only,0.035398821994404146,0.35,0.35,0.26,0.02,0.02
2023-02-01,quantitative_only,0.5119465883111074,0.35,0.35,0.02,0.26,0.02
2023-03-01,quantitative_only,0.6557835391455828,0.35,0.26,0.02,0.02,0.35
2023-04-03,quantitative_only,0.03042322341150325,0.35,0.26,0.02,0.02,0.35
2023-05-01,quantitative_only,0.18809977811898848,0.26,0.35,0.02,0.02,0.35
2023-06-01,quantitative_only,0.02006429859678407,0.26,0.35,0.02,0.02,0.35
2023-07-03,quantitative_only,0.17069996478792604,0.35,0.26,0.02,0.02,0.35
2023-08-01,quantitative_only,0.04821853210337908,0.35,0.26,0.02,0.02,0.35
2023-09-01,quantitative_only,0.31748425986852813,0.193601,0.35,0.086399,0.02,0.35
2023-10-02,quantitative_only,0.3040129640422214,0.045880000000000004,0.35000000000000003,0.23412000000000002,0.020000000000000004,0.35000000000000003
2023-11-01,quantitative_only,0.10204859877489994,0.092266,0.35,0.187734,0.02,0.35
2023-12-01,quantitative_only,0.340818895114201,0.217268,0.35,0.02,0.062732,0.35
2024-01-02,quantitative_only,0.39753110831908206,0.35,0.154777,0.02,0.125223,0.35
2024-02-01,quantitative_only,0.3841986468637008,0.22094,0.35,0.02,0.05906,0.35
2024-03-01,quantitative_only,0.4450290767146518,0.02,0.35,0.036026,0.243974,0.35
2024-04-01,quantitative_only,0.10367006393585479,0.02,0.305311,0.082838,0.241851,0.35
2024-05-01,quantitative_only,0.5881821505330572,0.02,0.02,0.290061,0.35,0.319939
2024-06-03,quantitative_only,0.2006247815882426,0.02,0.07021,0.322986,0.236804,0.35
2024-07-01,quantitative_only,0.2931968635273204,0.020000000000000004,0.18392000000000003,0.35000000000000003,0.09608000000000001,0.35000000000000003
2024-08-01,quantitative_only,0.555177296451314,0.019999980000020002,0.20800979199020803,0.1806948193051807,0.34999965000035,0.24129575870424133
2024-09-03,quantitative_only,0.9328864954660576,0.280589,0.329411,0.02,0.02,0.35
2024-10-01,quantitative_only,0.180559670971243,0.35,0.248934,0.02,0.031066,0.35
2024-11-01,quantitative_only,0.45631265740038224,0.35000000000000003,0.020000000000000004,0.23242400000000002,0.04757600000000001,0.35000000000000003
2024-12-02,quantitative_only,0.41213115337873085,0.33821500000000004,0.020000000000000004,0.038701000000000006,0.25308400000000003,0.35000000000000003
2025-01-02,quantitative_only,0.19553892744414225,0.35,0.02,0.125171,0.157965,0.346864
2025-02-03,quantitative_only,0.28044852180896696,0.218626,0.02,0.239607,0.186798,0.334969
2025-03-03,quantitative_only,0.23031114204924524,0.35,0.02,0.21623,0.06377,0.35
2025-04-01,quantitative_only,0.34341937884818946,0.35,0.02,0.0574,0.2226,0.35
2025-05-01,quantitative_only,0.08598394621029015,0.35,0.02,0.02,0.26,0.35
2025-06-02,quantitative_only,0.620739026096109,0.029875000000000002,0.25012500000000004,0.020000000000000004,0.35000000000000003,0.35000000000000003
2025-07-01,quantitative_only,0.2089264755264329,0.02,0.35,0.02,0.26,0.35
2025-08-01,quantitative_only,0.010927793051636412,0.02,0.35,0.02,0.26,0.35
2025-09-02,quantitative_only,0.6620793126650848,0.020000000000000004,0.13477300000000003,0.35000000000000003,0.14522700000000002,0.35000000000000003
2025-10-01,quantitative_only,0.4368646551697293,0.02,0.35,0.35,0.02,0.26
2025-11-03,quantitative_only,0.49448320773395005,0.087194,0.35,0.35,0.192806,0.02
2025-12-01,quantitative_only,0.39595275614386566,0.26,0.35,0.35,0.02,0.02
2021-01-04,equal_weight,0.0,0.2,0.2,0.2,0.2,0.2
2021-02-01,equal_weight,0.03251874616719361,0.2,0.2,0.2,0.2,0.2
2021-03-01,equal_weight,0.04545170166698556,0.2,0.2,0.2,0.2,0.2
2021-04-01,equal_weight,0.040936530881237665,0.2,0.2,0.2,0.2,0.2
2021-05-03,equal_weight,0.02130001221415953,0.2,0.2,0.2,0.2,0.2
2021-06-01,equal_weight,0.030544316048966208,0.2,0.2,0.2,0.2,0.2
2021-07-01,equal_weight,0.017213839027500982,0.2,0.2,0.2,0.2,0.2
2021-08-02,equal_weight,0.035644397541509304,0.2,0.2,0.2,0.2,0.2
2021-09-01,equal_weight,0.010910796295569097,0.2,0.2,0.2,0.2,0.2
2021-10-01,equal_weight,0.014631464345084416,0.2,0.2,0.2,0.2,0.2
2021-11-01,equal_weight,0.05817463087509697,0.2,0.2,0.2,0.2,0.2
2021-12-01,equal_weight,0.040364182963175926,0.2,0.2,0.2,0.2,0.2
2022-01-03,equal_weight,0.028169798201202023,0.2,0.2,0.2,0.2,0.2
2022-02-01,equal_weight,0.021397148006373712,0.2,0.2,0.2,0.2,0.2
2022-03-01,equal_weight,0.10756506556598291,0.2,0.2,0.2,0.2,0.2
2022-04-01,equal_weight,0.012267844709800274,0.2,0.2,0.2,0.2,0.2
2022-05-02,equal_weight,0.06158199294516886,0.2,0.2,0.2,0.2,0.2
2022-06-01,equal_weight,0.014764199237545239,0.2,0.2,0.2,0.2,0.2
2022-07-01,equal_weight,0.04348937987249191,0.2,0.2,0.2,0.2,0.2
2022-08-01,equal_weight,0.07727627796658262,0.2,0.2,0.2,0.2,0.2
2022-09-01,equal_weight,0.03106133780277265,0.2,0.2,0.2,0.2,0.2
2022-10-03,equal_weight,0.019551766632750822,0.2,0.2,0.2,0.2,0.2
2022-11-01,equal_weight,0.12024857591715579,0.2,0.2,0.2,0.2,0.2
2022-12-01,equal_weight,0.08630860863403678,0.2,0.2,0.2,0.2,0.2
2023-01-03,equal_weight,0.055348546354312245,0.2,0.2,0.2,0.2,0.2
2023-02-01,equal_weight,0.060649165216889706,0.2,0.2,0.2,0.2,0.2
2023-03-01,equal_weight,0.07460739144683484,0.2,0.2,0.2,0.2,0.2
2023-04-03,equal_weight,0.027481965989873486,0.2,0.2,0.2,0.2,0.2
2023-05-01,equal_weight,0.032519329311293005,0.2,0.2,0.2,0.2,0.2
2023-06-01,equal_weight,0.0310807409179924,0.2,0.2,0.2,0.2,0.2
2023-07-03,equal_weight,0.03684169398352896,0.2,0.2,0.2,0.2,0.2
2023-08-01,equal_weight,0.0463409566002298,0.2,0.2,0.2,0.2,0.2
2023-09-01,equal_weight,0.036317867216965366,0.2,0.2,0.2,0.2,0.2
2023-10-02,equal_weight,0.03191369755674339,0.2,0.2,0.2,0.2,0.2
2023-11-01,equal_weight,0.03592213677721698,0.2,0.2,0.2,0.2,0.2
2023-12-01,equal_weight,0.015072639280904299,0.2,0.2,0.2,0.2,0.2
2024-01-02,equal_weight,0.025782532222415888,0.2,0.2,0.2,0.2,0.2
2024-02-01,equal_weight,0.039999653195972845,0.2,0.2,0.2,0.2,0.2
2024-03-01,equal_weight,0.0861951726115811,0.2,0.2,0.2,0.2,0.2
2024-04-01,equal_weight,0.03449909858401526,0.2,0.2,0.2,0.2,0.2
2024-05-01,equal_weight,0.05377954543875649,0.2,0.2,0.2,0.2,0.2
2024-06-03,equal_weight,0.02795959610728674,0.2,0.2,0.2,0.2,0.2
2024-07-01,equal_weight,0.010549402109164968,0.2,0.2,0.2,0.2,0.2
2024-08-01,equal_weight,0.0355773709699497,0.2,0.2,0.2,0.2,0.2
2024-09-03,equal_weight,0.045967528518186085,0.2,0.2,0.2,0.2,0.2
2024-10-01,equal_weight,0.02288712818755692,0.2,0.2,0.2,0.2,0.2
2024-11-01,equal_weight,0.024746587683883964,0.2,0.2,0.2,0.2,0.2
2024-12-02,equal_weight,0.032597919964501815,0.2,0.2,0.2,0.2,0.2
2025-01-02,equal_weight,0.03181325511683342,0.2,0.2,0.2,0.2,0.2
2025-02-03,equal_weight,0.06798897394303496,0.2,0.2,0.2,0.2,0.2
2025-03-03,equal_weight,0.061889684542483336,0.2,0.2,0.2,0.2,0.2
2025-04-01,equal_weight,0.02363160288628463,0.2,0.2,0.2,0.2,0.2
2025-05-01,equal_weight,0.03892730699571184,0.2,0.2,0.2,0.2,0.2
2025-06-02,equal_weight,0.060670692161703094,0.2,0.2,0.2,0.2,0.2
2025-07-01,equal_weight,0.032669683451333226,0.2,0.2,0.2,0.2,0.2
2025-08-01,equal_weight,0.021055586111500352,0.2,0.2,0.2,0.2,0.2
2025-09-02,equal_weight,0.0718260731352312,0.2,0.2,0.2,0.2,0.2
2025-10-01,equal_weight,0.05885193016185575,0.2,0.2,0.2,0.2,0.2
2025-11-03,equal_weight,0.0777833398598336,0.2,0.2,0.2,0.2,0.2
2025-12-01,equal_weight,0.05518540283188339,0.2,0.2,0.2,0.2,0.2
